IssueID,UnitID,ProjectID,IssueDate,IssueType,Severity,IssueStatus,ClosedDate,ResponsibleContractorID,DaysOpen
ISS-000001,UNT-00479,PRJ-001,2026-06-30,Alignment,Medium,Open,,CTR-001,-1
ISS-000002,UNT-05185,PRJ-003,2026-06-27,Dimensional,Medium,In Review,,CTR-001,2
ISS-000003,UNT-00652,PRJ-001,2025-09-14,Documentation,High,Closed,2025-10-11,CTR-006,27
ISS-000004,UNT-03012,PRJ-002,2026-09-14,Dimensional,Medium,Closed,2026-09-23,CTR-004,9
ISS-000005,UNT-01548,PRJ-001,2025-06-08,Documentation,High,Closed,2025-07-04,CTR-005,26
ISS-000006,UNT-03640,PRJ-002,2026-05-13,Alignment,Low,Open,,CTR-008,47
ISS-000007,UNT-01172,PRJ-001,2026-02-16,Surface Finish,Medium,In Review,,CTR-003,133
ISS-000008,UNT-00930,PRJ-001,2025-11-10,Dimensional,High,Closed,2025-11-13,CTR-001,3
ISS-000009,UNT-00219,PRJ-001,2025-06-27,Alignment,High,Open,,CTR-004,367
ISS-000010,UNT-05474,PRJ-003,2026-09-10,Alignment,Low,Open,,CTR-006,-73
ISS-000011,UNT-04839,PRJ-002,2026-11-04,Surface Finish,Medium,Closed,2026-12-08,CTR-003,34
ISS-000012,UNT-03097,PRJ-002,2026-02-01,Surface Finish,Critical,Closed,2026-03-03,CTR-001,30
ISS-000013,UNT-01845,PRJ-001,2026-02-22,Documentation,High,Closed,2026-03-19,CTR-003,25
ISS-000014,UNT-02510,PRJ-001,2025-09-17,Alignment,Low,Open,,CTR-001,285
ISS-000015,UNT-02575,PRJ-002,2026-06-13,Dimensional,Medium,Open,,CTR-005,16
ISS-000016,UNT-04536,PRJ-002,2025-07-05,Surface Finish,Medium,Closed,2025-07-28,CTR-005,23
ISS-000017,UNT-05091,PRJ-003,2025-12-26,Documentation,High,In Review,,CTR-008,185
ISS-000018,UNT-05580,PRJ-003,2026-03-26,Alignment,Low,Open,,CTR-005,95
ISS-000019,UNT-00121,PRJ-001,2025-09-06,Damage,Low,In Review,,CTR-003,296
ISS-000020,UNT-01150,PRJ-001,2025-10-23,Missing Component,Low,Closed,2025-11-20,CTR-004,28
ISS-000021,UNT-00293,PRJ-001,2026-03-21,Surface Finish,High,Closed,2026-04-24,CTR-002,34
ISS-000022,UNT-06188,PRJ-003,2026-03-29,Surface Finish,Low,Open,,CTR-008,92
ISS-000023,UNT-05014,PRJ-002,2026-04-12,Missing Component,Low,Closed,2026-04-16,CTR-001,4
ISS-000024,UNT-01596,PRJ-001,2025-05-21,Alignment,Low,Open,,CTR-007,404
ISS-000025,UNT-00810,PRJ-001,2026-07-04,Surface Finish,High,Closed,2026-07-29,CTR-008,25
ISS-000026,UNT-04964,PRJ-002,2026-02-19,Documentation,Medium,Open,,CTR-007,130
ISS-000027,UNT-00513,PRJ-001,2025-12-18,Damage,Medium,Closed,2026-01-12,CTR-006,25
ISS-000028,UNT-01417,PRJ-001,2026-03-05,Documentation,Medium,Closed,2026-03-13,CTR-007,8
ISS-000029,UNT-05251,PRJ-003,2026-08-23,Damage,High,Open,,CTR-001,-55
ISS-000030,UNT-05606,PRJ-003,2025-09-25,Alignment,Low,In Review,,CTR-001,277
ISS-000031,UNT-02010,PRJ-001,2026-03-26,Damage,Medium,Closed,2026-04-25,CTR-002,30
ISS-000032,UNT-01668,PRJ-001,2025-07-11,Documentation,Low,Closed,2025-07-30,CTR-007,19
ISS-000033,UNT-06218,PRJ-003,2025-09-28,Alignment,Medium,Closed,2025-10-15,CTR-001,17
ISS-000034,UNT-03194,PRJ-002,2026-06-04,Damage,High,Closed,2026-06-22,CTR-001,18
ISS-000035,UNT-02735,PRJ-002,2025-07-28,Documentation,Medium,Open,,CTR-007,336
ISS-000036,UNT-00672,PRJ-001,2025-11-20,Missing Component,High,Open,,CTR-003,221
ISS-000037,UNT-05307,PRJ-003,2026-12-28,Surface Finish,Medium,Open,,CTR-005,-182
ISS-000038,UNT-04178,PRJ-002,2025-06-27,Missing Component,Low,Closed,2025-07-06,CTR-002,9
ISS-000039,UNT-05680,PRJ-003,2025-12-13,Damage,High,Closed,2026-01-14,CTR-002,32
ISS-000040,UNT-06332,PRJ-003,2025-10-26,Surface Finish,Medium,In Review,,CTR-007,246
ISS-000041,UNT-00608,PRJ-001,2025-04-16,Missing Component,Low,Closed,2025-05-09,CTR-005,23
ISS-000042,UNT-00440,PRJ-001,2026-06-21,Damage,Medium,Closed,2026-07-07,CTR-002,16
ISS-000043,UNT-05894,PRJ-003,2026-06-25,Damage,High,Open,,CTR-008,4
ISS-000044,UNT-03304,PRJ-002,2026-09-18,Dimensional,Medium,Open,,CTR-001,-81
ISS-000045,UNT-00055,PRJ-001,2025-06-30,Surface Finish,Low,Open,,CTR-005,364
ISS-000046,UNT-06233,PRJ-003,2026-11-07,Documentation,High,Open,,CTR-005,-131
ISS-000047,UNT-05934,PRJ-003,2026-10-30,Alignment,Medium,Closed,2026-11-15,CTR-001,16
ISS-000048,UNT-01718,PRJ-001,2026-02-13,Damage,High,Open,,CTR-002,136
ISS-000049,UNT-06440,PRJ-003,2026-07-20,Dimensional,High,In Review,,CTR-001,-21
ISS-000050,UNT-05037,PRJ-003,2027-01-01,Alignment,High,In Review,,CTR-006,-186
ISS-000051,UNT-05387,PRJ-003,2025-09-26,Documentation,Low,Open,,CTR-003,276
ISS-000052,UNT-02883,PRJ-002,2025-12-29,Surface Finish,High,Closed,2026-01-16,CTR-008,18
ISS-000053,UNT-00580,PRJ-001,2026-02-24,Documentation,Medium,Open,,CTR-007,125
ISS-000054,UNT-02617,PRJ-002,2025-06-03,Alignment,Low,Closed,2025-06-17,CTR-005,14
ISS-000055,UNT-02743,PRJ-002,2026-06-17,Missing Component,Low,Closed,2026-06-29,CTR-008,12
ISS-000056,UNT-06398,PRJ-003,2025-11-24,Missing Component,Critical,Open,,CTR-006,217
ISS-000057,UNT-00745,PRJ-001,2025-10-03,Alignment,Medium,Closed,2025-11-02,CTR-004,30
ISS-000058,UNT-02502,PRJ-001,2026-03-01,Alignment,Low,Closed,2026-03-31,CTR-004,30
ISS-000059,UNT-01052,PRJ-001,2026-01-24,Dimensional,High,Closed,2026-02-06,CTR-008,13
ISS-000060,UNT-01642,PRJ-001,2026-02-15,Dimensional,Low,Closed,2026-02-19,CTR-005,4
ISS-000061,UNT-00296,PRJ-001,2025-07-21,Damage,Low,In Review,,CTR-007,343
ISS-000062,UNT-00392,PRJ-001,2025-06-20,Documentation,Medium,Open,,CTR-006,374
ISS-000063,UNT-05958,PRJ-003,2026-09-06,Documentation,High,Closed,2026-09-25,CTR-005,19
ISS-000064,UNT-05342,PRJ-003,2025-08-14,Dimensional,Critical,Open,,CTR-002,319
ISS-000065,UNT-01120,PRJ-001,2026-06-02,Alignment,Medium,Open,,CTR-006,27
ISS-000066,UNT-04617,PRJ-002,2026-05-16,Damage,Medium,In Review,,CTR-005,44
ISS-000067,UNT-03973,PRJ-002,2025-06-18,Dimensional,Medium,Open,,CTR-002,376
ISS-000068,UNT-02875,PRJ-002,2026-10-15,Dimensional,Low,Closed,2026-11-01,CTR-001,17
ISS-000069,UNT-00775,PRJ-001,2026-02-01,Damage,Medium,Closed,2026-03-07,CTR-005,34
ISS-000070,UNT-06151,PRJ-003,2026-11-22,Surface Finish,Medium,Closed,2026-12-26,CTR-004,34
ISS-000071,UNT-01937,PRJ-001,2025-05-15,Documentation,Medium,Closed,2025-06-06,CTR-006,22
ISS-000072,UNT-06006,PRJ-003,2025-12-24,Damage,High,In Review,,CTR-006,187
ISS-000073,UNT-03160,PRJ-002,2026-09-07,Alignment,High,Open,,CTR-008,-70
ISS-000074,UNT-01791,PRJ-001,2025-12-31,Surface Finish,Medium,Open,,CTR-002,180
ISS-000075,UNT-00089,PRJ-001,2026-01-18,Damage,Medium,In Review,,CTR-005,162
ISS-000076,UNT-05420,PRJ-003,2026-08-12,Missing Component,Medium,Closed,2026-08-29,CTR-004,17
ISS-000077,UNT-05914,PRJ-003,2026-01-27,Documentation,Medium,Closed,2026-02-17,CTR-008,21
ISS-000078,UNT-05582,PRJ-003,2026-07-09,Missing Component,Medium,Closed,2026-07-21,CTR-008,12
ISS-000079,UNT-05357,PRJ-003,2026-05-20,Surface Finish,High,Closed,2026-06-20,CTR-005,31
ISS-000080,UNT-01663,PRJ-001,2026-09-14,Damage,Low,Open,,CTR-005,-77
ISS-000081,UNT-02420,PRJ-001,2026-01-10,Missing Component,High,Closed,2026-02-02,CTR-001,23
ISS-000082,UNT-06100,PRJ-003,2026-11-06,Missing Component,High,Closed,2026-11-08,CTR-004,2
ISS-000083,UNT-01050,PRJ-001,2026-06-17,Alignment,High,Open,,CTR-005,12
ISS-000084,UNT-06458,PRJ-003,2025-07-23,Alignment,Low,In Review,,CTR-004,341
ISS-000085,UNT-04366,PRJ-002,2025-05-15,Dimensional,Critical,In Review,,CTR-006,410
ISS-000086,UNT-06087,PRJ-003,2026-10-15,Dimensional,Medium,Open,,CTR-003,-108
ISS-000087,UNT-02330,PRJ-001,2026-02-19,Missing Component,Low,In Review,,CTR-008,130
ISS-000088,UNT-04944,PRJ-002,2026-07-16,Documentation,Medium,Open,,CTR-003,-17
ISS-000089,UNT-01844,PRJ-001,2025-12-09,Surface Finish,High,Open,,CTR-007,202
ISS-000090,UNT-02610,PRJ-002,2025-11-23,Alignment,Medium,Closed,2025-12-18,CTR-005,25
ISS-000091,UNT-03142,PRJ-002,2026-02-14,Surface Finish,Medium,In Review,,CTR-007,135
ISS-000092,UNT-00273,PRJ-001,2025-11-30,Missing Component,Critical,Closed,2025-12-21,CTR-005,21
ISS-000093,UNT-02481,PRJ-001,2025-07-10,Alignment,Low,Closed,2025-07-31,CTR-001,21
ISS-000094,UNT-02490,PRJ-001,2025-05-24,Alignment,Low,Open,,CTR-008,401
ISS-000095,UNT-02783,PRJ-002,2026-04-24,Surface Finish,Medium,Open,,CTR-005,66
ISS-000096,UNT-01527,PRJ-001,2026-07-17,Surface Finish,High,Closed,2026-08-11,CTR-008,25
ISS-000097,UNT-04814,PRJ-002,2025-07-09,Documentation,Critical,Closed,2025-07-16,CTR-002,7
ISS-000098,UNT-00722,PRJ-001,2026-05-21,Missing Component,Medium,In Review,,CTR-006,39
ISS-000099,UNT-06484,PRJ-003,2025-11-05,Surface Finish,Low,Closed,2025-11-27,CTR-003,22
ISS-000100,UNT-05944,PRJ-003,2026-08-30,Documentation,High,Open,,CTR-008,-62
ISS-000101,UNT-02074,PRJ-001,2026-05-30,Dimensional,Low,Closed,2026-06-26,CTR-006,27
ISS-000102,UNT-03850,PRJ-002,2026-05-03,Dimensional,Critical,Closed,2026-05-08,CTR-002,5
ISS-000103,UNT-01503,PRJ-001,2026-02-13,Documentation,High,Closed,2026-02-24,CTR-002,11
ISS-000104,UNT-05418,PRJ-003,2026-05-01,Surface Finish,Medium,Closed,2026-05-13,CTR-004,12
ISS-000105,UNT-04483,PRJ-002,2025-08-25,Damage,Low,Open,,CTR-008,308
ISS-000106,UNT-03672,PRJ-002,2026-04-19,Surface Finish,Medium,Closed,2026-05-05,CTR-002,16
ISS-000107,UNT-05390,PRJ-003,2025-11-26,Dimensional,Medium,Open,,CTR-006,215
ISS-000108,UNT-02054,PRJ-001,2025-12-09,Surface Finish,Critical,Open,,CTR-001,202
ISS-000109,UNT-01449,PRJ-001,2026-06-13,Surface Finish,Low,In Review,,CTR-007,16
ISS-000110,UNT-05986,PRJ-003,2026-02-19,Missing Component,High,Closed,2026-03-02,CTR-008,11
ISS-000111,UNT-00913,PRJ-001,2026-07-18,Dimensional,Medium,Open,,CTR-006,-19
ISS-000112,UNT-05685,PRJ-003,2026-05-27,Alignment,High,In Review,,CTR-002,33
ISS-000113,UNT-01766,PRJ-001,2025-03-08,Damage,High,Open,,CTR-001,478
ISS-000114,UNT-04099,PRJ-002,2025-07-21,Surface Finish,High,Closed,2025-08-11,CTR-005,21
ISS-000115,UNT-00633,PRJ-001,2026-01-17,Missing Component,Medium,Open,,CTR-002,163
ISS-000116,UNT-02101,PRJ-001,2025-11-28,Documentation,High,Open,,CTR-006,213
ISS-000117,UNT-06032,PRJ-003,2025-09-22,Surface Finish,High,Closed,2025-10-14,CTR-004,22
ISS-000118,UNT-05754,PRJ-003,2026-09-20,Alignment,Medium,Open,,CTR-005,-83
ISS-000119,UNT-01623,PRJ-001,2026-06-04,Dimensional,Critical,Open,,CTR-003,25
ISS-000120,UNT-05105,PRJ-003,2025-09-07,Alignment,Low,Open,,CTR-006,295
ISS-000121,UNT-00784,PRJ-001,2025-12-01,Documentation,Medium,In Review,,CTR-002,210
ISS-000122,UNT-05586,PRJ-003,2025-11-19,Damage,Critical,Open,,CTR-004,222
ISS-000123,UNT-05488,PRJ-003,2026-11-15,Missing Component,Low,Open,,CTR-002,-139
ISS-000124,UNT-00100,PRJ-001,2026-04-02,Alignment,Medium,Open,,CTR-005,88
ISS-000125,UNT-03686,PRJ-002,2025-07-18,Alignment,Critical,Closed,2025-08-07,CTR-008,20
ISS-000126,UNT-01037,PRJ-001,2026-02-17,Damage,Medium,Closed,2026-03-16,CTR-007,27
ISS-000127,UNT-03679,PRJ-002,2026-01-02,Missing Component,Low,Closed,2026-01-15,CTR-006,13
ISS-000128,UNT-05413,PRJ-003,2026-04-01,Dimensional,High,Closed,2026-04-08,CTR-005,7
ISS-000129,UNT-01768,PRJ-001,2026-07-24,Surface Finish,Low,Open,,CTR-001,-25
ISS-000130,UNT-00329,PRJ-001,2025-11-08,Documentation,Low,Closed,2025-11-20,CTR-007,12
ISS-000131,UNT-03008,PRJ-002,2025-12-03,Dimensional,High,Open,,CTR-006,208
ISS-000132,UNT-01040,PRJ-001,2026-04-26,Missing Component,Medium,Open,,CTR-003,64
ISS-000133,UNT-03583,PRJ-002,2026-02-15,Alignment,Low,In Review,,CTR-005,134
ISS-000134,UNT-06246,PRJ-003,2026-05-27,Damage,Medium,Closed,2026-06-26,CTR-005,30
ISS-000135,UNT-02225,PRJ-001,2026-09-29,Surface Finish,High,Open,,CTR-008,-92
ISS-000136,UNT-04936,PRJ-002,2025-10-24,Surface Finish,Medium,In Review,,CTR-006,248
ISS-000137,UNT-01498,PRJ-001,2025-09-17,Dimensional,Medium,Closed,2025-10-02,CTR-001,15
ISS-000138,UNT-01297,PRJ-001,2025-11-29,Alignment,Critical,Open,,CTR-001,212
ISS-000139,UNT-03726,PRJ-002,2026-06-30,Surface Finish,High,In Review,,CTR-006,-1
ISS-000140,UNT-00564,PRJ-001,2025-03-16,Surface Finish,Low,Closed,2025-04-02,CTR-007,17
ISS-000141,UNT-04338,PRJ-002,2026-08-23,Dimensional,Medium,Closed,2026-09-07,CTR-002,15
ISS-000142,UNT-04594,PRJ-002,2026-08-06,Dimensional,Medium,Closed,2026-08-25,CTR-008,19
ISS-000143,UNT-04793,PRJ-002,2026-12-10,Damage,High,Closed,2027-01-06,CTR-005,27
ISS-000144,UNT-01747,PRJ-001,2025-11-24,Dimensional,Medium,In Review,,CTR-008,217
ISS-000145,UNT-00407,PRJ-001,2025-10-13,Surface Finish,High,In Review,,CTR-003,259
ISS-000146,UNT-06251,PRJ-003,2026-07-07,Alignment,High,Closed,2026-08-08,CTR-006,32
ISS-000147,UNT-00381,PRJ-001,2025-10-24,Documentation,High,Open,,CTR-006,248
ISS-000148,UNT-04052,PRJ-002,2026-03-19,Documentation,Low,Closed,2026-04-04,CTR-002,16
ISS-000149,UNT-03652,PRJ-002,2026-04-23,Missing Component,Medium,Closed,2026-05-12,CTR-001,19
ISS-000150,UNT-02944,PRJ-002,2026-05-11,Surface Finish,High,Open,,CTR-007,49
ISS-000151,UNT-06055,PRJ-003,2026-09-28,Dimensional,Low,In Review,,CTR-004,-91
ISS-000152,UNT-02988,PRJ-002,2026-06-26,Alignment,Medium,Closed,2026-07-11,CTR-004,15
ISS-000153,UNT-04267,PRJ-002,2026-10-11,Damage,High,Closed,2026-10-17,CTR-006,6
ISS-000154,UNT-04788,PRJ-002,2026-07-30,Surface Finish,Medium,Closed,2026-08-29,CTR-004,30
ISS-000155,UNT-06107,PRJ-003,2026-02-05,Documentation,Medium,Closed,2026-03-03,CTR-001,26
ISS-000156,UNT-02750,PRJ-002,2026-01-16,Documentation,Medium,Closed,2026-02-17,CTR-008,32
ISS-000157,UNT-01849,PRJ-001,2025-11-01,Documentation,Medium,Closed,2025-11-06,CTR-007,5
ISS-000158,UNT-06187,PRJ-003,2026-05-22,Alignment,High,Closed,2026-05-25,CTR-003,3
ISS-000159,UNT-02918,PRJ-002,2025-09-04,Surface Finish,Low,In Review,,CTR-008,298
ISS-000160,UNT-03303,PRJ-002,2026-08-31,Dimensional,Critical,Closed,2026-09-07,CTR-006,7
ISS-000161,UNT-03279,PRJ-002,2026-01-30,Missing Component,High,Open,,CTR-006,150
ISS-000162,UNT-03595,PRJ-002,2026-07-18,Missing Component,High,Open,,CTR-004,-19
ISS-000163,UNT-00610,PRJ-001,2025-11-15,Documentation,Low,Closed,2025-11-18,CTR-004,3
ISS-000164,UNT-02856,PRJ-002,2026-03-30,Missing Component,Low,In Review,,CTR-008,91
ISS-000165,UNT-02112,PRJ-001,2026-11-11,Surface Finish,High,In Review,,CTR-002,-135
ISS-000166,UNT-04150,PRJ-002,2026-08-21,Alignment,Low,Closed,2026-09-13,CTR-002,23
ISS-000167,UNT-02576,PRJ-002,2026-07-13,Alignment,Medium,Closed,2026-08-13,CTR-002,31
ISS-000168,UNT-05974,PRJ-003,2026-12-25,Documentation,High,In Review,,CTR-008,-179
ISS-000169,UNT-05889,PRJ-003,2026-04-16,Dimensional,Medium,Closed,2026-04-27,CTR-001,11
ISS-000170,UNT-02215,PRJ-001,2026-10-27,Damage,High,Closed,2026-11-14,CTR-001,18
ISS-000171,UNT-05749,PRJ-003,2025-12-02,Documentation,Low,Closed,2026-01-01,CTR-001,30
ISS-000172,UNT-02893,PRJ-002,2026-12-06,Missing Component,High,Open,,CTR-007,-160
ISS-000173,UNT-00602,PRJ-001,2025-06-22,Damage,Medium,Open,,CTR-007,372
ISS-000174,UNT-02766,PRJ-002,2026-01-03,Damage,Medium,Open,,CTR-006,177
ISS-000175,UNT-05473,PRJ-003,2026-02-05,Missing Component,Low,Closed,2026-02-26,CTR-002,21
ISS-000176,UNT-01078,PRJ-001,2025-12-18,Damage,Medium,Open,,CTR-003,193
ISS-000177,UNT-00979,PRJ-001,2026-02-13,Missing Component,Medium,In Review,,CTR-002,136
ISS-000178,UNT-03986,PRJ-002,2026-09-29,Alignment,Medium,Closed,2026-10-18,CTR-002,19
ISS-000179,UNT-03563,PRJ-002,2026-08-12,Alignment,Low,Open,,CTR-003,-44
ISS-000180,UNT-03819,PRJ-002,2026-01-17,Damage,Low,Closed,2026-02-16,CTR-001,30
ISS-000181,UNT-05741,PRJ-003,2025-12-17,Missing Component,Critical,In Review,,CTR-002,194
ISS-000182,UNT-00624,PRJ-001,2025-06-29,Missing Component,Low,Open,,CTR-001,365
ISS-000183,UNT-04923,PRJ-002,2026-05-14,Dimensional,Low,Closed,2026-05-24,CTR-003,10
ISS-000184,UNT-01042,PRJ-001,2026-03-18,Dimensional,Medium,Open,,CTR-008,103
ISS-000185,UNT-04219,PRJ-002,2025-10-25,Documentation,Low,In Review,,CTR-004,247
ISS-000186,UNT-00858,PRJ-001,2026-07-20,Dimensional,Low,Closed,2026-08-02,CTR-002,13
ISS-000187,UNT-04419,PRJ-002,2025-05-10,Damage,Medium,Open,,CTR-006,415
ISS-000188,UNT-02774,PRJ-002,2025-03-26,Surface Finish,Medium,Open,,CTR-006,460
ISS-000189,UNT-03169,PRJ-002,2026-06-12,Damage,Medium,Open,,CTR-002,17
ISS-000190,UNT-05209,PRJ-003,2026-12-20,Surface Finish,Low,In Review,,CTR-007,-174
ISS-000191,UNT-01026,PRJ-001,2025-11-04,Documentation,High,Closed,2025-12-02,CTR-008,28
ISS-000192,UNT-04716,PRJ-002,2026-06-10,Missing Component,Medium,In Review,,CTR-008,19
ISS-000193,UNT-06219,PRJ-003,2026-10-14,Surface Finish,High,Closed,2026-10-24,CTR-002,10
ISS-000194,UNT-02837,PRJ-002,2025-04-22,Alignment,Medium,Open,,CTR-001,433
ISS-000195,UNT-02096,PRJ-001,2026-10-03,Documentation,Medium,In Review,,CTR-005,-96
ISS-000196,UNT-03394,PRJ-002,2026-05-12,Alignment,Medium,Open,,CTR-003,48
ISS-000197,UNT-04768,PRJ-002,2025-07-03,Documentation,Low,In Review,,CTR-003,361
ISS-000198,UNT-03096,PRJ-002,2026-05-13,Damage,Medium,Closed,2026-05-15,CTR-003,2
ISS-000199,UNT-00472,PRJ-001,2026-03-17,Documentation,High,Closed,2026-03-31,CTR-003,14
ISS-000200,UNT-01700,PRJ-001,2025-08-15,Alignment,Medium,Closed,2025-08-22,CTR-001,7
ISS-000201,UNT-03664,PRJ-002,2025-09-19,Missing Component,Medium,Closed,2025-10-03,CTR-005,14
ISS-000202,UNT-05225,PRJ-003,2026-09-30,Damage,High,Closed,2026-11-01,CTR-001,32
ISS-000203,UNT-05407,PRJ-003,2026-04-26,Dimensional,Critical,Open,,CTR-008,64
ISS-000204,UNT-04622,PRJ-002,2025-12-19,Dimensional,Medium,Open,,CTR-006,192
ISS-000205,UNT-03010,PRJ-002,2025-07-12,Alignment,High,Open,,CTR-005,352
ISS-000206,UNT-05056,PRJ-003,2025-11-07,Dimensional,Low,In Review,,CTR-008,234
ISS-000207,UNT-00412,PRJ-001,2025-11-19,Documentation,Low,Closed,2025-12-09,CTR-007,20
ISS-000208,UNT-04036,PRJ-002,2025-12-10,Dimensional,High,In Review,,CTR-002,201
ISS-000209,UNT-04925,PRJ-002,2026-05-22,Documentation,High,Open,,CTR-004,38
ISS-000210,UNT-03146,PRJ-002,2025-10-17,Documentation,Low,In Review,,CTR-008,255
ISS-000211,UNT-01246,PRJ-001,2025-06-21,Alignment,High,Open,,CTR-008,373
ISS-000212,UNT-03124,PRJ-002,2025-11-15,Alignment,Medium,Open,,CTR-003,226
ISS-000213,UNT-04570,PRJ-002,2025-11-05,Dimensional,Low,Closed,2025-11-13,CTR-008,8
ISS-000214,UNT-02813,PRJ-002,2026-04-11,Missing Component,Medium,Open,,CTR-004,79
ISS-000215,UNT-00617,PRJ-001,2025-07-19,Surface Finish,Low,Closed,2025-08-06,CTR-006,18
ISS-000216,UNT-06286,PRJ-003,2026-05-16,Surface Finish,Medium,Closed,2026-06-16,CTR-005,31
ISS-000217,UNT-04297,PRJ-002,2026-02-05,Missing Component,Medium,Closed,2026-03-07,CTR-006,30
ISS-000218,UNT-00137,PRJ-001,2025-11-12,Missing Component,Medium,Closed,2025-12-07,CTR-004,25
ISS-000219,UNT-02122,PRJ-001,2025-12-30,Missing Component,Medium,Open,,CTR-001,181
ISS-000220,UNT-03785,PRJ-002,2026-03-11,Surface Finish,Low,In Review,,CTR-003,110
ISS-000221,UNT-01115,PRJ-001,2026-06-24,Missing Component,Low,Closed,2026-07-15,CTR-006,21
ISS-000222,UNT-05107,PRJ-003,2026-04-24,Documentation,Medium,Open,,CTR-002,66
ISS-000223,UNT-01659,PRJ-001,2026-06-09,Documentation,Low,In Review,,CTR-001,20
ISS-000224,UNT-01021,PRJ-001,2026-02-24,Documentation,Low,Closed,2026-03-20,CTR-005,24
ISS-000225,UNT-00774,PRJ-001,2025-10-29,Alignment,Low,In Review,,CTR-003,243
ISS-000226,UNT-02827,PRJ-002,2025-09-25,Documentation,High,Open,,CTR-008,277
ISS-000227,UNT-00586,PRJ-001,2026-06-16,Surface Finish,High,Closed,2026-07-14,CTR-008,28
ISS-000228,UNT-04289,PRJ-002,2026-09-14,Damage,Critical,Closed,2026-10-09,CTR-005,25
ISS-000229,UNT-02234,PRJ-001,2026-06-14,Damage,Low,Closed,2026-07-18,CTR-001,34
ISS-000230,UNT-06129,PRJ-003,2025-11-16,Missing Component,Critical,Open,,CTR-005,225
ISS-000231,UNT-01410,PRJ-001,2025-09-25,Surface Finish,Low,In Review,,CTR-006,277
ISS-000232,UNT-04201,PRJ-002,2026-06-17,Documentation,Critical,In Review,,CTR-003,12
ISS-000233,UNT-05645,PRJ-003,2026-12-30,Alignment,Critical,Closed,2027-01-27,CTR-008,28
ISS-000234,UNT-01298,PRJ-001,2026-07-30,Missing Component,Medium,Open,,CTR-007,-31
ISS-000235,UNT-00854,PRJ-001,2025-11-30,Documentation,Critical,Closed,2025-12-29,CTR-003,29
ISS-000236,UNT-04621,PRJ-002,2025-08-15,Missing Component,Low,Open,,CTR-006,318
ISS-000237,UNT-03080,PRJ-002,2026-09-18,Damage,Low,Open,,CTR-003,-81
ISS-000238,UNT-00763,PRJ-001,2025-09-05,Documentation,High,Open,,CTR-001,297
ISS-000239,UNT-00598,PRJ-001,2025-07-12,Surface Finish,Low,Open,,CTR-005,352
ISS-000240,UNT-05853,PRJ-003,2025-08-25,Damage,Low,Open,,CTR-003,308
ISS-000241,UNT-00766,PRJ-001,2026-02-20,Surface Finish,High,In Review,,CTR-006,129
ISS-000242,UNT-01439,PRJ-001,2025-08-14,Dimensional,Low,Closed,2025-09-16,CTR-005,33
ISS-000243,UNT-00341,PRJ-001,2025-08-27,Damage,High,Closed,2025-09-03,CTR-003,7
ISS-000244,UNT-03400,PRJ-002,2025-12-17,Dimensional,High,Closed,2025-12-31,CTR-003,14
ISS-000245,UNT-04725,PRJ-002,2025-12-23,Documentation,High,In Review,,CTR-004,188
ISS-000246,UNT-02825,PRJ-002,2026-04-24,Missing Component,Medium,Open,,CTR-002,66
ISS-000247,UNT-02036,PRJ-001,2025-04-02,Documentation,Medium,Open,,CTR-001,453
ISS-000248,UNT-04641,PRJ-002,2025-06-15,Damage,Medium,Closed,2025-06-20,CTR-007,5
ISS-000249,UNT-02519,PRJ-001,2026-01-29,Documentation,Critical,Closed,2026-02-23,CTR-003,25
ISS-000250,UNT-05463,PRJ-003,2026-05-01,Surface Finish,Critical,Open,,CTR-008,59
ISS-000251,UNT-04798,PRJ-002,2026-01-30,Alignment,Low,Closed,2026-02-06,CTR-007,7
ISS-000252,UNT-05679,PRJ-003,2025-11-15,Surface Finish,Low,Closed,2025-11-22,CTR-004,7
ISS-000253,UNT-05064,PRJ-003,2026-08-06,Surface Finish,High,Closed,2026-08-21,CTR-001,15
ISS-000254,UNT-01575,PRJ-001,2026-03-02,Dimensional,High,Open,,CTR-002,119
ISS-000255,UNT-04581,PRJ-002,2026-05-27,Documentation,Medium,Closed,2026-06-24,CTR-005,28
ISS-000256,UNT-05523,PRJ-003,2025-11-29,Damage,High,Open,,CTR-006,212
ISS-000257,UNT-01799,PRJ-001,2026-10-29,Damage,Low,In Review,,CTR-006,-122
ISS-000258,UNT-00714,PRJ-001,2026-08-26,Alignment,Medium,Closed,2026-09-25,CTR-006,30
ISS-000259,UNT-06500,PRJ-003,2026-05-21,Missing Component,Low,Open,,CTR-006,39
ISS-000260,UNT-03213,PRJ-002,2026-09-17,Missing Component,Medium,Closed,2026-09-28,CTR-005,11
ISS-000261,UNT-00776,PRJ-001,2026-07-01,Alignment,Low,Open,,CTR-001,-2
ISS-000262,UNT-02366,PRJ-001,2025-08-14,Alignment,High,Closed,2025-09-10,CTR-008,27
ISS-000263,UNT-02542,PRJ-001,2026-11-04,Documentation,Low,Closed,2026-11-23,CTR-008,19
ISS-000264,UNT-06058,PRJ-003,2026-11-18,Damage,High,Closed,2026-12-11,CTR-005,23
ISS-000265,UNT-06012,PRJ-003,2026-07-16,Damage,Medium,Closed,2026-08-05,CTR-002,20
ISS-000266,UNT-05372,PRJ-003,2027-01-19,Missing Component,Low,Closed,2027-02-03,CTR-002,15
ISS-000267,UNT-02077,PRJ-001,2025-12-17,Damage,High,In Review,,CTR-003,194
ISS-000268,UNT-05366,PRJ-003,2025-09-05,Missing Component,High,Open,,CTR-008,297
ISS-000269,UNT-06342,PRJ-003,2026-05-20,Damage,High,Closed,2026-06-08,CTR-008,19
ISS-000270,UNT-03042,PRJ-002,2026-01-16,Surface Finish,Medium,Open,,CTR-006,164
ISS-000271,UNT-03101,PRJ-002,2026-08-05,Dimensional,Low,Closed,2026-08-14,CTR-008,9
ISS-000272,UNT-00462,PRJ-001,2026-05-01,Surface Finish,Low,Open,,CTR-006,59
ISS-000273,UNT-04001,PRJ-002,2025-12-03,Damage,High,In Review,,CTR-001,208
ISS-000274,UNT-01896,PRJ-001,2025-09-21,Missing Component,Critical,In Review,,CTR-002,281
ISS-000275,UNT-02866,PRJ-002,2026-01-10,Damage,Critical,Closed,2026-01-17,CTR-001,7
ISS-000276,UNT-06033,PRJ-003,2026-08-30,Damage,Low,Closed,2026-09-30,CTR-004,31
ISS-000277,UNT-02273,PRJ-001,2025-10-25,Missing Component,Medium,Open,,CTR-005,247
ISS-000278,UNT-04260,PRJ-002,2026-08-29,Alignment,Low,Closed,2026-09-09,CTR-002,11
ISS-000279,UNT-00086,PRJ-001,2026-05-21,Alignment,High,Closed,2026-06-17,CTR-004,27
ISS-000280,UNT-04590,PRJ-002,2026-03-16,Damage,Low,In Review,,CTR-005,105
ISS-000281,UNT-02075,PRJ-001,2025-11-17,Damage,Medium,Closed,2025-12-02,CTR-006,15
ISS-000282,UNT-06069,PRJ-003,2027-01-31,Dimensional,High,Closed,2027-03-02,CTR-006,30
ISS-000283,UNT-02377,PRJ-001,2025-11-15,Damage,High,Open,,CTR-004,226
ISS-000284,UNT-04759,PRJ-002,2026-10-23,Surface Finish,Low,Open,,CTR-004,-116
ISS-000285,UNT-01864,PRJ-001,2025-09-16,Alignment,Medium,Closed,2025-10-06,CTR-007,20
ISS-000286,UNT-00142,PRJ-001,2026-02-18,Alignment,Low,Closed,2026-03-02,CTR-001,12
ISS-000287,UNT-00631,PRJ-001,2025-04-13,Missing Component,Critical,In Review,,CTR-003,442
ISS-000288,UNT-01208,PRJ-001,2025-04-20,Surface Finish,Critical,Closed,2025-05-16,CTR-001,26
ISS-000289,UNT-00022,PRJ-001,2026-11-01,Surface Finish,High,Closed,2026-12-04,CTR-002,33
ISS-000290,UNT-05044,PRJ-003,2025-10-31,Dimensional,Medium,Closed,2025-11-04,CTR-005,4
ISS-000291,UNT-03906,PRJ-002,2025-09-01,Documentation,High,Closed,2025-09-24,CTR-008,23
ISS-000292,UNT-01948,PRJ-001,2025-05-22,Damage,High,Closed,2025-06-04,CTR-005,13
ISS-000293,UNT-04643,PRJ-002,2025-06-18,Damage,Medium,Closed,2025-06-25,CTR-001,7
ISS-000294,UNT-05543,PRJ-003,2026-03-21,Dimensional,Low,Closed,2026-04-17,CTR-003,27
ISS-000295,UNT-01215,PRJ-001,2025-09-08,Missing Component,High,Closed,2025-09-28,CTR-001,20
ISS-000296,UNT-03024,PRJ-002,2026-08-25,Dimensional,High,In Review,,CTR-006,-57
ISS-000297,UNT-01684,PRJ-001,2026-01-17,Alignment,Medium,Open,,CTR-001,163
ISS-000298,UNT-02822,PRJ-002,2026-06-25,Surface Finish,Low,Closed,2026-07-22,CTR-002,27
ISS-000299,UNT-03371,PRJ-002,2025-09-28,Dimensional,Low,Open,,CTR-001,274
ISS-000300,UNT-01923,PRJ-001,2026-07-25,Surface Finish,Low,Closed,2026-08-14,CTR-004,20
ISS-000301,UNT-00905,PRJ-001,2026-04-13,Surface Finish,Low,Closed,2026-05-08,CTR-003,25
ISS-000302,UNT-01173,PRJ-001,2026-05-01,Surface Finish,Critical,Open,,CTR-008,59
ISS-000303,UNT-02401,PRJ-001,2026-08-20,Missing Component,Medium,Closed,2026-09-13,CTR-003,24
ISS-000304,UNT-06447,PRJ-003,2025-09-24,Dimensional,High,Closed,2025-10-24,CTR-006,30
ISS-000305,UNT-01135,PRJ-001,2026-02-14,Documentation,Medium,Closed,2026-03-04,CTR-005,18
ISS-000306,UNT-00163,PRJ-001,2026-10-13,Surface Finish,Medium,Open,,CTR-002,-106
ISS-000307,UNT-05104,PRJ-003,2025-07-31,Surface Finish,High,Closed,2025-08-11,CTR-005,11
ISS-000308,UNT-06276,PRJ-003,2026-07-26,Documentation,Low,In Review,,CTR-005,-27
ISS-000309,UNT-02573,PRJ-001,2025-07-30,Alignment,Low,Closed,2025-08-11,CTR-008,12
ISS-000310,UNT-01002,PRJ-001,2025-11-06,Documentation,Medium,Open,,CTR-005,235
ISS-000311,UNT-05993,PRJ-003,2027-01-06,Missing Component,High,In Review,,CTR-006,-191
ISS-000312,UNT-03571,PRJ-002,2025-07-21,Dimensional,Low,Closed,2025-07-30,CTR-006,9
ISS-000313,UNT-04097,PRJ-002,2025-08-15,Alignment,Low,Open,,CTR-003,318
ISS-000314,UNT-05812,PRJ-003,2025-07-09,Damage,Critical,Closed,2025-07-26,CTR-001,17
ISS-000315,UNT-06289,PRJ-003,2026-04-06,Documentation,Medium,Open,,CTR-008,84
ISS-000316,UNT-00074,PRJ-001,2026-07-07,Surface Finish,Low,Open,,CTR-004,-8
ISS-000317,UNT-02488,PRJ-001,2026-05-09,Alignment,Medium,Closed,2026-06-04,CTR-003,26
ISS-000318,UNT-05183,PRJ-003,2026-06-03,Damage,High,Open,,CTR-002,26
ISS-000319,UNT-01957,PRJ-001,2025-11-26,Missing Component,High,Open,,CTR-002,215
ISS-000320,UNT-01970,PRJ-001,2025-12-24,Dimensional,High,Open,,CTR-001,187
ISS-000321,UNT-06044,PRJ-003,2026-08-25,Dimensional,Low,Open,,CTR-007,-57
ISS-000322,UNT-01786,PRJ-001,2025-11-11,Missing Component,Medium,Closed,2025-12-04,CTR-003,23
ISS-000323,UNT-00799,PRJ-001,2025-08-16,Alignment,Medium,Closed,2025-09-01,CTR-006,16
ISS-000324,UNT-02613,PRJ-002,2026-08-04,Damage,Medium,Closed,2026-08-15,CTR-003,11
ISS-000325,UNT-00684,PRJ-001,2026-02-21,Missing Component,High,Closed,2026-03-23,CTR-001,30
ISS-000326,UNT-00185,PRJ-001,2026-01-07,Missing Component,Medium,Closed,2026-01-13,CTR-008,6
ISS-000327,UNT-03357,PRJ-002,2026-04-21,Surface Finish,High,Open,,CTR-002,69
ISS-000328,UNT-01682,PRJ-001,2026-07-29,Alignment,Low,Open,,CTR-005,-30
ISS-000329,UNT-06255,PRJ-003,2026-08-23,Damage,Critical,Open,,CTR-003,-55
ISS-000330,UNT-04779,PRJ-002,2026-03-28,Surface Finish,High,Open,,CTR-005,93
ISS-000331,UNT-00600,PRJ-001,2026-06-12,Alignment,Medium,In Review,,CTR-008,17
ISS-000332,UNT-02005,PRJ-001,2026-05-24,Alignment,Low,Closed,2026-06-18,CTR-003,25
ISS-000333,UNT-03275,PRJ-002,2026-04-19,Surface Finish,High,In Review,,CTR-002,71
ISS-000334,UNT-01797,PRJ-001,2025-04-12,Missing Component,High,Closed,2025-05-14,CTR-007,32
ISS-000335,UNT-03189,PRJ-002,2025-10-19,Damage,High,Open,,CTR-005,253
ISS-000336,UNT-06370,PRJ-003,2026-12-10,Surface Finish,Medium,In Review,,CTR-001,-164
ISS-000337,UNT-02103,PRJ-001,2026-09-05,Damage,Low,Open,,CTR-001,-68
ISS-000338,UNT-02254,PRJ-001,2025-11-30,Missing Component,Medium,Closed,2025-12-31,CTR-005,31
ISS-000339,UNT-06373,PRJ-003,2025-10-02,Missing Component,Medium,Closed,2025-10-19,CTR-003,17
ISS-000340,UNT-00832,PRJ-001,2025-02-25,Alignment,Medium,Open,,CTR-007,489
ISS-000341,UNT-05193,PRJ-003,2026-11-13,Missing Component,Critical,Closed,2026-12-07,CTR-007,24
ISS-000342,UNT-01558,PRJ-001,2025-03-28,Missing Component,High,Open,,CTR-005,458
ISS-000343,UNT-02128,PRJ-001,2026-02-27,Damage,High,Open,,CTR-002,122
ISS-000344,UNT-05416,PRJ-003,2026-01-08,Surface Finish,Low,In Review,,CTR-005,172
ISS-000345,UNT-04253,PRJ-002,2025-08-31,Dimensional,Low,Closed,2025-09-10,CTR-003,10
ISS-000346,UNT-01455,PRJ-001,2025-09-28,Missing Component,High,Closed,2025-10-10,CTR-004,12
ISS-000347,UNT-01573,PRJ-001,2025-09-12,Documentation,Medium,Open,,CTR-006,290
ISS-000348,UNT-05213,PRJ-003,2026-09-18,Surface Finish,Medium,Open,,CTR-004,-81
ISS-000349,UNT-04815,PRJ-002,2025-06-22,Documentation,High,In Review,,CTR-002,372
ISS-000350,UNT-04333,PRJ-002,2025-06-15,Surface Finish,Low,In Review,,CTR-007,379
ISS-000351,UNT-03263,PRJ-002,2026-10-24,Documentation,Medium,In Review,,CTR-003,-117
ISS-000352,UNT-00751,PRJ-001,2025-08-21,Alignment,Medium,In Review,,CTR-001,312
ISS-000353,UNT-01740,PRJ-001,2025-12-04,Dimensional,Medium,Closed,2026-01-02,CTR-001,29
ISS-000354,UNT-00070,PRJ-001,2026-05-20,Alignment,Low,Open,,CTR-004,40
ISS-000355,UNT-04532,PRJ-002,2025-08-02,Documentation,Low,Open,,CTR-007,331
ISS-000356,UNT-00266,PRJ-001,2026-08-31,Dimensional,Medium,Closed,2026-09-28,CTR-005,28
ISS-000357,UNT-00937,PRJ-001,2025-12-07,Alignment,Medium,Closed,2026-01-09,CTR-007,33
ISS-000358,UNT-01710,PRJ-001,2026-06-18,Surface Finish,Low,Open,,CTR-007,11
ISS-000359,UNT-00851,PRJ-001,2025-07-20,Documentation,High,In Review,,CTR-005,344
ISS-000360,UNT-03129,PRJ-002,2025-06-18,Dimensional,Medium,Closed,2025-06-23,CTR-003,5
ISS-000361,UNT-02759,PRJ-002,2025-06-10,Documentation,Medium,Open,,CTR-002,384
ISS-000362,UNT-02121,PRJ-001,2026-04-15,Documentation,Medium,Closed,2026-05-13,CTR-006,28
ISS-000363,UNT-04991,PRJ-002,2026-04-18,Alignment,Low,Open,,CTR-008,72
ISS-000364,UNT-01375,PRJ-001,2026-01-02,Surface Finish,Low,Closed,2026-01-29,CTR-002,27
ISS-000365,UNT-03805,PRJ-002,2026-07-23,Documentation,Low,Open,,CTR-002,-24
ISS-000366,UNT-04950,PRJ-002,2025-11-26,Documentation,Medium,Closed,2025-12-10,CTR-002,14
ISS-000367,UNT-03295,PRJ-002,2025-09-11,Surface Finish,Medium,In Review,,CTR-006,291
ISS-000368,UNT-05720,PRJ-003,2026-06-30,Surface Finish,Medium,Open,,CTR-008,-1
ISS-000369,UNT-06104,PRJ-003,2025-12-21,Alignment,High,Closed,2025-12-24,CTR-002,3
ISS-000370,UNT-06461,PRJ-003,2026-06-01,Documentation,Critical,Closed,2026-06-26,CTR-008,25
ISS-000371,UNT-03984,PRJ-002,2026-03-03,Damage,Low,Closed,2026-04-05,CTR-003,33
ISS-000372,UNT-04186,PRJ-002,2026-01-24,Dimensional,Low,Closed,2026-01-29,CTR-005,5
ISS-000373,UNT-06448,PRJ-003,2026-09-16,Surface Finish,Medium,Open,,CTR-004,-79
ISS-000374,UNT-05371,PRJ-003,2025-09-02,Alignment,Low,Closed,2025-09-06,CTR-008,4
ISS-000375,UNT-01563,PRJ-001,2025-10-15,Damage,Low,Closed,2025-11-15,CTR-003,31
ISS-000376,UNT-02456,PRJ-001,2025-08-15,Missing Component,Medium,Closed,2025-08-17,CTR-002,2
ISS-000377,UNT-01715,PRJ-001,2025-05-21,Documentation,High,In Review,,CTR-004,404
ISS-000378,UNT-00613,PRJ-001,2026-07-03,Missing Component,Low,Open,,CTR-005,-4
ISS-000379,UNT-04671,PRJ-002,2025-07-15,Dimensional,High,Closed,2025-07-28,CTR-003,13
ISS-000380,UNT-06214,PRJ-003,2026-04-20,Alignment,High,In Review,,CTR-006,70
ISS-000381,UNT-06185,PRJ-003,2026-02-22,Documentation,Low,In Review,,CTR-004,127
ISS-000382,UNT-02710,PRJ-002,2026-05-01,Alignment,High,Closed,2026-05-09,CTR-005,8
ISS-000383,UNT-04286,PRJ-002,2026-02-16,Alignment,Medium,Closed,2026-03-09,CTR-006,21
ISS-000384,UNT-05579,PRJ-003,2026-10-12,Missing Component,High,Closed,2026-10-23,CTR-002,11
ISS-000385,UNT-00323,PRJ-001,2025-07-30,Missing Component,Medium,Closed,2025-08-14,CTR-002,15
ISS-000386,UNT-03380,PRJ-002,2025-06-13,Surface Finish,Medium,Closed,2025-06-22,CTR-003,9
ISS-000387,UNT-01713,PRJ-001,2025-11-27,Dimensional,Medium,Open,,CTR-003,214
ISS-000388,UNT-03745,PRJ-002,2025-12-29,Alignment,Low,Closed,2025-12-31,CTR-006,2
ISS-000389,UNT-02344,PRJ-001,2026-06-27,Documentation,Low,Closed,2026-07-02,CTR-006,5
ISS-000390,UNT-05832,PRJ-003,2026-04-25,Damage,Medium,Open,,CTR-003,65
ISS-000391,UNT-05924,PRJ-003,2025-10-09,Surface Finish,High,Closed,2025-10-21,CTR-001,12
ISS-000392,UNT-02035,PRJ-001,2025-12-14,Alignment,Medium,Closed,2025-12-29,CTR-005,15
ISS-000393,UNT-02751,PRJ-002,2026-03-12,Surface Finish,High,Open,,CTR-008,109
ISS-000394,UNT-05437,PRJ-003,2025-11-07,Missing Component,Medium,Open,,CTR-007,234
ISS-000395,UNT-02378,PRJ-001,2026-03-08,Documentation,Critical,Open,,CTR-002,113
ISS-000396,UNT-00706,PRJ-001,2025-10-22,Missing Component,Medium,Open,,CTR-002,250
ISS-000397,UNT-00224,PRJ-001,2025-11-18,Dimensional,High,Open,,CTR-006,223
ISS-000398,UNT-01321,PRJ-001,2025-08-14,Dimensional,High,Open,,CTR-003,319
ISS-000399,UNT-03883,PRJ-002,2025-09-18,Missing Component,Medium,Closed,2025-10-12,CTR-006,24
ISS-000400,UNT-05769,PRJ-003,2026-05-02,Damage,Medium,In Review,,CTR-001,58
ISS-000401,UNT-03574,PRJ-002,2025-10-20,Damage,Low,In Review,,CTR-008,252
ISS-000402,UNT-03452,PRJ-002,2026-01-22,Damage,High,Open,,CTR-006,158
ISS-000403,UNT-06119,PRJ-003,2025-08-08,Dimensional,Critical,Closed,2025-08-28,CTR-005,20
ISS-000404,UNT-04449,PRJ-002,2026-09-10,Documentation,Medium,Closed,2026-10-13,CTR-005,33
ISS-000405,UNT-06009,PRJ-003,2025-09-22,Dimensional,Low,In Review,,CTR-004,280
ISS-000406,UNT-04056,PRJ-002,2026-01-12,Documentation,Medium,In Review,,CTR-007,168
ISS-000407,UNT-02978,PRJ-002,2025-08-22,Alignment,High,Closed,2025-08-25,CTR-004,3
ISS-000408,UNT-04762,PRJ-002,2026-07-25,Alignment,Medium,Closed,2026-08-20,CTR-003,26
ISS-000409,UNT-04941,PRJ-002,2026-07-31,Damage,Medium,Open,,CTR-005,-32
ISS-000410,UNT-04020,PRJ-002,2026-05-07,Damage,Medium,Closed,2026-05-31,CTR-007,24
ISS-000411,UNT-01225,PRJ-001,2025-08-23,Dimensional,Medium,Open,,CTR-008,310
ISS-000412,UNT-01943,PRJ-001,2025-09-06,Missing Component,Low,Closed,2025-10-08,CTR-005,32
ISS-000413,UNT-05341,PRJ-003,2025-08-17,Damage,Low,Closed,2025-09-21,CTR-008,35
ISS-000414,UNT-03023,PRJ-002,2026-01-31,Alignment,Medium,Closed,2026-02-12,CTR-007,12
ISS-000415,UNT-00793,PRJ-001,2026-07-31,Alignment,Medium,Closed,2026-08-28,CTR-006,28
ISS-000416,UNT-06110,PRJ-003,2025-11-10,Alignment,Low,Closed,2025-11-18,CTR-001,8
ISS-000417,UNT-03000,PRJ-002,2025-10-15,Documentation,Low,Open,,CTR-006,257
ISS-000418,UNT-01712,PRJ-001,2026-01-17,Documentation,Medium,In Review,,CTR-001,163
ISS-000419,UNT-03259,PRJ-002,2025-06-02,Surface Finish,Critical,Open,,CTR-001,392
ISS-000420,UNT-06085,PRJ-003,2026-05-09,Surface Finish,High,Open,,CTR-005,51
ISS-000421,UNT-01729,PRJ-001,2026-07-15,Damage,Medium,Closed,2026-08-06,CTR-008,22
ISS-000422,UNT-05936,PRJ-003,2026-05-22,Documentation,Low,Open,,CTR-007,38
ISS-000423,UNT-05376,PRJ-003,2026-02-23,Damage,Critical,In Review,,CTR-006,126
ISS-000424,UNT-05725,PRJ-003,2026-08-26,Documentation,Medium,In Review,,CTR-003,-58
ISS-000425,UNT-01452,PRJ-001,2026-01-29,Damage,Critical,Open,,CTR-008,151
ISS-000426,UNT-03585,PRJ-002,2026-09-06,Alignment,Medium,Open,,CTR-001,-69
ISS-000427,UNT-06093,PRJ-003,2026-08-20,Missing Component,Medium,Open,,CTR-003,-52
ISS-000428,UNT-04880,PRJ-002,2025-08-12,Missing Component,Critical,Closed,2025-08-24,CTR-005,12
ISS-000429,UNT-04630,PRJ-002,2026-02-26,Documentation,High,Open,,CTR-001,123
ISS-000430,UNT-03621,PRJ-002,2026-04-20,Dimensional,High,Closed,2026-04-25,CTR-008,5
ISS-000431,UNT-00420,PRJ-001,2025-07-11,Surface Finish,Critical,In Review,,CTR-005,353
ISS-000432,UNT-04825,PRJ-002,2026-06-11,Alignment,Medium,Closed,2026-07-14,CTR-002,33
ISS-000433,UNT-02724,PRJ-002,2025-10-11,Missing Component,High,Open,,CTR-007,261
ISS-000434,UNT-03487,PRJ-002,2026-03-26,Damage,Medium,In Review,,CTR-007,95
ISS-000435,UNT-01852,PRJ-001,2026-05-20,Alignment,Medium,Open,,CTR-002,40
ISS-000436,UNT-01281,PRJ-001,2026-04-07,Documentation,Medium,Closed,2026-04-15,CTR-005,8
ISS-000437,UNT-06028,PRJ-003,2026-05-21,Documentation,Medium,In Review,,CTR-004,39
ISS-000438,UNT-00910,PRJ-001,2026-01-15,Documentation,Low,Closed,2026-01-19,CTR-006,4
ISS-000439,UNT-05634,PRJ-003,2025-09-27,Alignment,Critical,Open,,CTR-006,275
ISS-000440,UNT-01574,PRJ-001,2026-01-24,Damage,Low,Open,,CTR-005,156
ISS-000441,UNT-00570,PRJ-001,2025-04-29,Dimensional,Medium,Open,,CTR-002,426
ISS-000442,UNT-04010,PRJ-002,2026-07-08,Damage,High,Open,,CTR-004,-9
ISS-000443,UNT-06443,PRJ-003,2026-08-03,Damage,Low,Open,,CTR-002,-35
ISS-000444,UNT-03717,PRJ-002,2026-09-07,Alignment,High,Closed,2026-09-25,CTR-003,18
ISS-000445,UNT-05884,PRJ-003,2026-07-26,Alignment,High,Closed,2026-08-29,CTR-003,34
ISS-000446,UNT-00212,PRJ-001,2026-08-25,Dimensional,High,Closed,2026-09-27,CTR-007,33
ISS-000447,UNT-02149,PRJ-001,2026-01-27,Damage,Medium,Open,,CTR-002,153
ISS-000448,UNT-01518,PRJ-001,2026-07-07,Damage,High,In Review,,CTR-008,-8
ISS-000449,UNT-00957,PRJ-001,2025-08-24,Missing Component,Critical,In Review,,CTR-005,309
ISS-000450,UNT-03668,PRJ-002,2026-04-23,Alignment,High,Open,,CTR-004,67
ISS-000451,UNT-01295,PRJ-001,2026-04-15,Surface Finish,High,Open,,CTR-003,75
ISS-000452,UNT-01482,PRJ-001,2026-07-07,Damage,Critical,Closed,2026-07-26,CTR-001,19
ISS-000453,UNT-05683,PRJ-003,2026-09-16,Surface Finish,High,Closed,2026-09-25,CTR-004,9
ISS-000454,UNT-02572,PRJ-001,2026-07-18,Documentation,Low,Closed,2026-08-16,CTR-008,29
ISS-000455,UNT-04818,PRJ-002,2026-08-26,Dimensional,Critical,Closed,2026-09-04,CTR-008,9
ISS-000456,UNT-03690,PRJ-002,2025-07-06,Dimensional,Low,Closed,2025-08-04,CTR-005,29
ISS-000457,UNT-00384,PRJ-001,2026-02-09,Alignment,Critical,Open,,CTR-003,140
ISS-000458,UNT-03764,PRJ-002,2025-11-14,Alignment,Low,Closed,2025-11-20,CTR-002,6
ISS-000459,UNT-00946,PRJ-001,2025-09-09,Missing Component,High,Closed,2025-09-13,CTR-003,4
ISS-000460,UNT-02768,PRJ-002,2026-09-14,Missing Component,High,Closed,2026-09-21,CTR-008,7
ISS-000461,UNT-02673,PRJ-002,2026-01-15,Documentation,High,Closed,2026-01-28,CTR-001,13
ISS-000462,UNT-05131,PRJ-003,2026-04-29,Alignment,Medium,Closed,2026-05-17,CTR-001,18
ISS-000463,UNT-05837,PRJ-003,2026-05-04,Alignment,Low,In Review,,CTR-007,56
ISS-000464,UNT-00819,PRJ-001,2025-04-17,Surface Finish,High,Closed,2025-04-25,CTR-004,8
ISS-000465,UNT-02274,PRJ-001,2026-03-21,Missing Component,High,Open,,CTR-006,100
ISS-000466,UNT-05590,PRJ-003,2026-01-03,Dimensional,Medium,Open,,CTR-003,177
ISS-000467,UNT-02046,PRJ-001,2026-10-09,Dimensional,High,Closed,2026-10-31,CTR-007,22
ISS-000468,UNT-01355,PRJ-001,2025-08-24,Dimensional,Low,Closed,2025-09-27,CTR-006,34
ISS-000469,UNT-05350,PRJ-003,2025-11-04,Missing Component,Medium,Closed,2025-12-04,CTR-001,30
ISS-000470,UNT-03851,PRJ-002,2026-03-17,Dimensional,High,Closed,2026-03-19,CTR-003,2
ISS-000471,UNT-00822,PRJ-001,2026-03-22,Documentation,Low,Closed,2026-03-28,CTR-004,6
ISS-000472,UNT-03603,PRJ-002,2025-06-02,Damage,Medium,In Review,,CTR-004,392
ISS-000473,UNT-02903,PRJ-002,2025-11-11,Damage,Low,Open,,CTR-004,230
ISS-000474,UNT-00060,PRJ-001,2026-01-14,Dimensional,Low,Open,,CTR-001,166
ISS-000475,UNT-02928,PRJ-002,2025-11-24,Damage,Medium,Closed,2025-12-21,CTR-005,27
ISS-000476,UNT-04690,PRJ-002,2025-07-21,Dimensional,Low,Open,,CTR-001,343
ISS-000477,UNT-02011,PRJ-001,2026-06-14,Surface Finish,High,Closed,2026-07-10,CTR-002,26
ISS-000478,UNT-04482,PRJ-002,2025-09-23,Documentation,Low,Closed,2025-10-25,CTR-006,32
ISS-000479,UNT-05890,PRJ-003,2026-07-26,Documentation,Low,In Review,,CTR-008,-27
ISS-000480,UNT-00811,PRJ-001,2025-08-14,Damage,Low,Open,,CTR-003,319
ISS-000481,UNT-02409,PRJ-001,2025-10-07,Missing Component,Medium,Closed,2025-10-20,CTR-007,13
ISS-000482,UNT-01788,PRJ-001,2026-06-06,Dimensional,High,Closed,2026-06-15,CTR-005,9
ISS-000483,UNT-00603,PRJ-001,2025-12-13,Damage,Medium,Open,,CTR-003,198
ISS-000484,UNT-05334,PRJ-003,2026-08-03,Surface Finish,Medium,Closed,2026-08-24,CTR-005,21
ISS-000485,UNT-05915,PRJ-003,2026-11-07,Damage,Critical,In Review,,CTR-007,-131
ISS-000486,UNT-06153,PRJ-003,2026-06-02,Alignment,Medium,Closed,2026-06-28,CTR-003,26
ISS-000487,UNT-04203,PRJ-002,2025-08-29,Surface Finish,Low,Open,,CTR-008,304
ISS-000488,UNT-02936,PRJ-002,2026-05-17,Dimensional,High,In Review,,CTR-002,43
ISS-000489,UNT-01001,PRJ-001,2025-12-31,Damage,High,Open,,CTR-002,180
ISS-000490,UNT-01233,PRJ-001,2026-03-17,Alignment,High,Closed,2026-03-25,CTR-003,8
ISS-000491,UNT-01938,PRJ-001,2026-05-22,Missing Component,Medium,In Review,,CTR-006,38
ISS-000492,UNT-03282,PRJ-002,2026-08-15,Surface Finish,Low,In Review,,CTR-005,-47
ISS-000493,UNT-04317,PRJ-002,2026-07-04,Documentation,Low,Open,,CTR-002,-5
ISS-000494,UNT-06368,PRJ-003,2026-08-03,Documentation,Medium,Open,,CTR-005,-35
ISS-000495,UNT-03440,PRJ-002,2025-05-26,Missing Component,Medium,Open,,CTR-005,399
ISS-000496,UNT-02001,PRJ-001,2026-03-02,Documentation,Critical,Closed,2026-03-24,CTR-008,22
ISS-000497,UNT-01597,PRJ-001,2026-06-20,Documentation,Medium,Closed,2026-07-12,CTR-004,22
ISS-000498,UNT-03655,PRJ-002,2026-02-12,Missing Component,High,Closed,2026-02-18,CTR-003,6
ISS-000499,UNT-01516,PRJ-001,2025-06-27,Missing Component,Low,Open,,CTR-007,367
ISS-000500,UNT-00809,PRJ-001,2026-01-24,Damage,Medium,Open,,CTR-006,156
ISS-000501,UNT-03765,PRJ-002,2026-08-07,Surface Finish,Low,Open,,CTR-005,-39
ISS-000502,UNT-04415,PRJ-002,2025-12-05,Damage,Low,Closed,2026-01-02,CTR-001,28
ISS-000503,UNT-04639,PRJ-002,2026-04-11,Surface Finish,Critical,Closed,2026-05-07,CTR-006,26
ISS-000504,UNT-06263,PRJ-003,2026-01-18,Missing Component,Medium,Open,,CTR-006,162
ISS-000505,UNT-03127,PRJ-002,2025-12-18,Surface Finish,High,In Review,,CTR-005,193
ISS-000506,UNT-01492,PRJ-001,2026-06-02,Dimensional,High,In Review,,CTR-002,27
ISS-000507,UNT-01460,PRJ-001,2026-02-07,Damage,Low,Closed,2026-02-24,CTR-003,17
ISS-000508,UNT-02660,PRJ-002,2026-09-01,Surface Finish,Low,Open,,CTR-006,-64
ISS-000509,UNT-05565,PRJ-003,2025-09-19,Documentation,Low,In Review,,CTR-005,283
ISS-000510,UNT-03833,PRJ-002,2025-07-18,Alignment,Low,Open,,CTR-004,346
ISS-000511,UNT-04803,PRJ-002,2026-10-01,Damage,Medium,Open,,CTR-003,-94
ISS-000512,UNT-04935,PRJ-002,2026-01-06,Damage,Medium,Open,,CTR-007,174
ISS-000513,UNT-05673,PRJ-003,2026-05-19,Documentation,High,Open,,CTR-001,41
ISS-000514,UNT-03909,PRJ-002,2026-05-10,Alignment,High,Closed,2026-05-13,CTR-007,3
ISS-000515,UNT-02186,PRJ-001,2026-08-07,Alignment,High,Open,,CTR-003,-39
ISS-000516,UNT-04883,PRJ-002,2026-09-26,Alignment,Low,Closed,2026-10-07,CTR-004,11
ISS-000517,UNT-01634,PRJ-001,2025-11-27,Surface Finish,Critical,Closed,2025-12-02,CTR-003,5
ISS-000518,UNT-02971,PRJ-002,2025-10-18,Documentation,Medium,Closed,2025-11-06,CTR-005,19
ISS-000519,UNT-04135,PRJ-002,2026-08-24,Surface Finish,Low,Closed,2026-08-28,CTR-002,4
ISS-000520,UNT-05279,PRJ-003,2026-11-12,Dimensional,Low,Closed,2026-12-12,CTR-003,30
ISS-000521,UNT-04296,PRJ-002,2026-04-19,Alignment,High,In Review,,CTR-001,71
ISS-000522,UNT-04131,PRJ-002,2025-11-05,Alignment,Low,In Review,,CTR-007,236
ISS-000523,UNT-03767,PRJ-002,2026-04-17,Damage,Low,Closed,2026-05-10,CTR-008,23
ISS-000524,UNT-04847,PRJ-002,2026-09-27,Surface Finish,Critical,Open,,CTR-008,-90
ISS-000525,UNT-01112,PRJ-001,2026-05-16,Missing Component,Critical,Closed,2026-05-21,CTR-002,5
ISS-000526,UNT-04401,PRJ-002,2025-09-28,Documentation,Medium,Open,,CTR-001,274
ISS-000527,UNT-05957,PRJ-003,2026-11-26,Surface Finish,Low,Open,,CTR-004,-150
ISS-000528,UNT-00281,PRJ-001,2025-11-06,Surface Finish,High,Open,,CTR-005,235
ISS-000529,UNT-02632,PRJ-002,2025-07-27,Surface Finish,Medium,Closed,2025-08-18,CTR-007,22
ISS-000530,UNT-06042,PRJ-003,2025-10-12,Damage,High,Open,,CTR-006,260
ISS-000531,UNT-02802,PRJ-002,2026-01-06,Dimensional,Medium,In Review,,CTR-008,174
ISS-000532,UNT-04458,PRJ-002,2025-07-10,Missing Component,Low,Closed,2025-08-04,CTR-008,25
ISS-000533,UNT-02243,PRJ-001,2026-05-13,Dimensional,Medium,Open,,CTR-006,47
ISS-000534,UNT-03385,PRJ-002,2025-10-08,Alignment,Low,Closed,2025-10-21,CTR-008,13
ISS-000535,UNT-05926,PRJ-003,2026-10-14,Dimensional,Medium,Closed,2026-10-16,CTR-001,2
ISS-000536,UNT-03297,PRJ-002,2026-09-08,Documentation,Critical,Closed,2026-09-27,CTR-006,19
ISS-000537,UNT-06122,PRJ-003,2026-05-02,Surface Finish,Medium,Closed,2026-05-19,CTR-008,17
ISS-000538,UNT-05873,PRJ-003,2026-01-05,Damage,High,Closed,2026-02-04,CTR-002,30
ISS-000539,UNT-03490,PRJ-002,2025-07-22,Damage,Low,Closed,2025-08-13,CTR-006,22
ISS-000540,UNT-05526,PRJ-003,2026-07-25,Documentation,Low,In Review,,CTR-003,-26
ISS-000541,UNT-01364,PRJ-001,2025-07-17,Surface Finish,Low,Closed,2025-08-17,CTR-002,31
ISS-000542,UNT-00560,PRJ-001,2026-01-16,Damage,Medium,Closed,2026-02-04,CTR-007,19
ISS-000543,UNT-01633,PRJ-001,2026-05-28,Dimensional,Medium,Open,,CTR-007,32
ISS-000544,UNT-03545,PRJ-002,2026-06-07,Documentation,Low,Closed,2026-07-07,CTR-001,30
ISS-000545,UNT-00541,PRJ-001,2026-08-31,Alignment,Low,In Review,,CTR-001,-63
ISS-000546,UNT-02919,PRJ-002,2026-06-04,Alignment,Low,Closed,2026-06-14,CTR-007,10
ISS-000547,UNT-05336,PRJ-003,2026-07-28,Dimensional,Low,Closed,2026-08-27,CTR-001,30
ISS-000548,UNT-00666,PRJ-001,2026-08-16,Alignment,High,Open,,CTR-008,-48
ISS-000549,UNT-01441,PRJ-001,2026-09-19,Surface Finish,High,In Review,,CTR-005,-82
ISS-000550,UNT-03425,PRJ-002,2025-05-29,Alignment,Low,Closed,2025-06-18,CTR-007,20
ISS-000551,UNT-03065,PRJ-002,2026-10-16,Surface Finish,Critical,Open,,CTR-006,-109
ISS-000552,UNT-00076,PRJ-001,2025-05-31,Surface Finish,High,Closed,2025-06-19,CTR-002,19
ISS-000553,UNT-04600,PRJ-002,2026-09-12,Alignment,High,Closed,2026-10-03,CTR-001,21
ISS-000554,UNT-05859,PRJ-003,2025-11-12,Alignment,Medium,Closed,2025-11-26,CTR-006,14
ISS-000555,UNT-02349,PRJ-001,2025-10-29,Alignment,Critical,Closed,2025-11-05,CTR-003,7
ISS-000556,UNT-01695,PRJ-001,2025-11-10,Surface Finish,Medium,Closed,2025-12-07,CTR-002,27
ISS-000557,UNT-01051,PRJ-001,2025-11-20,Alignment,Low,Closed,2025-12-03,CTR-004,13
ISS-000558,UNT-00365,PRJ-001,2025-06-21,Surface Finish,Critical,In Review,,CTR-006,373
ISS-000559,UNT-01132,PRJ-001,2026-04-22,Missing Component,Critical,Closed,2026-05-23,CTR-007,31
ISS-000560,UNT-00663,PRJ-001,2025-11-08,Documentation,High,In Review,,CTR-006,233
ISS-000561,UNT-05301,PRJ-003,2026-07-22,Missing Component,Medium,Open,,CTR-002,-23
ISS-000562,UNT-00923,PRJ-001,2026-09-18,Damage,High,Closed,2026-09-21,CTR-006,3
ISS-000563,UNT-05461,PRJ-003,2025-08-08,Documentation,Medium,Open,,CTR-008,325
ISS-000564,UNT-01045,PRJ-001,2026-04-11,Missing Component,Medium,Closed,2026-05-07,CTR-007,26
ISS-000565,UNT-04855,PRJ-002,2026-11-21,Missing Component,Medium,Closed,2026-11-30,CTR-005,9
ISS-000566,UNT-06469,PRJ-003,2025-12-23,Dimensional,High,Closed,2026-01-04,CTR-004,12
ISS-000567,UNT-00115,PRJ-001,2026-09-02,Dimensional,Medium,Closed,2026-09-08,CTR-002,6
ISS-000568,UNT-04037,PRJ-002,2025-04-14,Damage,Medium,Open,,CTR-002,441
ISS-000569,UNT-03636,PRJ-002,2026-06-25,Surface Finish,High,In Review,,CTR-008,4
ISS-000570,UNT-01858,PRJ-001,2025-03-16,Missing Component,Medium,Closed,2025-03-26,CTR-007,10
ISS-000571,UNT-00954,PRJ-001,2026-01-19,Missing Component,Critical,Closed,2026-02-17,CTR-002,29
ISS-000572,UNT-06496,PRJ-003,2026-05-23,Alignment,High,In Review,,CTR-004,37
ISS-000573,UNT-04860,PRJ-002,2026-03-31,Damage,Low,Closed,2026-04-21,CTR-002,21
ISS-000574,UNT-00457,PRJ-001,2025-12-30,Alignment,Low,Closed,2026-01-15,CTR-002,16
ISS-000575,UNT-02840,PRJ-002,2026-09-10,Documentation,High,Open,,CTR-004,-73
ISS-000576,UNT-04593,PRJ-002,2026-05-18,Alignment,Medium,Closed,2026-06-07,CTR-006,20
ISS-000577,UNT-00867,PRJ-001,2026-03-03,Alignment,Medium,Closed,2026-03-23,CTR-001,20
ISS-000578,UNT-04975,PRJ-002,2026-08-14,Missing Component,Medium,In Review,,CTR-002,-46
ISS-000579,UNT-05878,PRJ-003,2025-10-30,Damage,Low,Closed,2025-11-04,CTR-007,5
ISS-000580,UNT-06076,PRJ-003,2026-04-02,Damage,Critical,In Review,,CTR-002,88
ISS-000581,UNT-00225,PRJ-001,2025-07-14,Missing Component,Medium,Closed,2025-07-20,CTR-004,6
ISS-000582,UNT-04149,PRJ-002,2025-10-29,Documentation,Medium,Closed,2025-11-16,CTR-005,18
ISS-000583,UNT-02484,PRJ-001,2026-01-19,Dimensional,Low,Closed,2026-01-31,CTR-003,12
ISS-000584,UNT-06449,PRJ-003,2026-08-30,Surface Finish,High,Open,,CTR-006,-62
ISS-000585,UNT-04300,PRJ-002,2026-03-06,Dimensional,Medium,Closed,2026-03-30,CTR-003,24
ISS-000586,UNT-04736,PRJ-002,2026-10-24,Alignment,High,Open,,CTR-002,-117
ISS-000587,UNT-03351,PRJ-002,2026-11-20,Surface Finish,Medium,Closed,2026-11-24,CTR-008,4
ISS-000588,UNT-00325,PRJ-001,2026-06-05,Missing Component,Medium,In Review,,CTR-004,24
ISS-000589,UNT-03507,PRJ-002,2025-07-23,Missing Component,High,Closed,2025-08-08,CTR-007,16
ISS-000590,UNT-00182,PRJ-001,2025-07-08,Alignment,Low,Closed,2025-07-24,CTR-006,16
ISS-000591,UNT-05583,PRJ-003,2026-12-26,Dimensional,Low,Open,,CTR-006,-180
ISS-000592,UNT-04380,PRJ-002,2025-10-19,Surface Finish,Medium,Open,,CTR-001,253
ISS-000593,UNT-02674,PRJ-002,2025-12-29,Missing Component,Critical,Closed,2026-01-11,CTR-006,13
ISS-000594,UNT-03145,PRJ-002,2026-01-19,Alignment,Low,Closed,2026-02-04,CTR-005,16
ISS-000595,UNT-01795,PRJ-001,2025-10-04,Missing Component,Medium,Closed,2025-10-09,CTR-008,5
ISS-000596,UNT-02499,PRJ-001,2025-07-31,Surface Finish,Medium,Open,,CTR-006,333
ISS-000597,UNT-00432,PRJ-001,2025-06-06,Surface Finish,High,Closed,2025-06-11,CTR-006,5
ISS-000598,UNT-03656,PRJ-002,2026-09-10,Alignment,High,In Review,,CTR-001,-73
ISS-000599,UNT-05101,PRJ-003,2026-04-14,Alignment,Low,In Review,,CTR-003,76
ISS-000600,UNT-00204,PRJ-001,2025-08-31,Alignment,High,Open,,CTR-002,302
ISS-000601,UNT-01116,PRJ-001,2025-07-29,Alignment,High,Open,,CTR-002,335
ISS-000602,UNT-05931,PRJ-003,2025-10-24,Damage,High,In Review,,CTR-008,248
ISS-000603,UNT-04758,PRJ-002,2026-03-16,Documentation,Low,In Review,,CTR-002,105
ISS-000604,UNT-02383,PRJ-001,2025-06-18,Alignment,Medium,Open,,CTR-002,376
ISS-000605,UNT-06126,PRJ-003,2026-12-11,Missing Component,Low,Open,,CTR-006,-165
ISS-000606,UNT-01625,PRJ-001,2026-06-30,Surface Finish,Critical,Closed,2026-07-16,CTR-002,16
ISS-000607,UNT-03460,PRJ-002,2026-06-02,Documentation,High,Open,,CTR-005,27
ISS-000608,UNT-03339,PRJ-002,2025-04-11,Missing Component,Low,Open,,CTR-008,444
ISS-000609,UNT-01881,PRJ-001,2026-04-12,Damage,Medium,Open,,CTR-007,78
ISS-000610,UNT-02373,PRJ-001,2025-09-04,Documentation,Medium,In Review,,CTR-003,298
ISS-000611,UNT-03491,PRJ-002,2026-06-27,Surface Finish,Medium,Open,,CTR-002,2
ISS-000612,UNT-04060,PRJ-002,2025-05-23,Documentation,High,Open,,CTR-005,402
ISS-000613,UNT-02068,PRJ-001,2025-08-28,Documentation,Low,Open,,CTR-007,305
ISS-000614,UNT-05593,PRJ-003,2025-09-14,Documentation,Low,In Review,,CTR-008,288
ISS-000615,UNT-01605,PRJ-001,2025-04-29,Alignment,Low,Open,,CTR-006,426
ISS-000616,UNT-06098,PRJ-003,2026-08-13,Missing Component,Low,In Review,,CTR-005,-45
ISS-000617,UNT-01162,PRJ-001,2025-12-21,Documentation,Medium,In Review,,CTR-005,190
ISS-000618,UNT-06349,PRJ-003,2025-10-04,Surface Finish,Low,In Review,,CTR-001,268
ISS-000619,UNT-05560,PRJ-003,2025-10-19,Surface Finish,High,Open,,CTR-005,253
ISS-000620,UNT-05541,PRJ-003,2026-03-25,Alignment,High,Closed,2026-04-05,CTR-008,11
ISS-000621,UNT-05423,PRJ-003,2026-06-23,Surface Finish,Low,Open,,CTR-003,6
ISS-000622,UNT-04357,PRJ-002,2025-03-31,Alignment,High,Closed,2025-04-28,CTR-003,28
ISS-000623,UNT-00494,PRJ-001,2025-09-30,Missing Component,High,Open,,CTR-001,272
ISS-000624,UNT-01204,PRJ-001,2025-08-01,Missing Component,High,Open,,CTR-007,332
ISS-000625,UNT-05620,PRJ-003,2026-06-10,Documentation,High,Open,,CTR-004,19
ISS-000626,UNT-05467,PRJ-003,2026-08-25,Damage,Low,In Review,,CTR-003,-57
ISS-000627,UNT-06455,PRJ-003,2026-12-15,Damage,Medium,Closed,2027-01-18,CTR-005,34
ISS-000628,UNT-02732,PRJ-002,2025-04-18,Documentation,Low,Open,,CTR-001,437
ISS-000629,UNT-01286,PRJ-001,2025-10-09,Alignment,Medium,Open,,CTR-006,263
ISS-000630,UNT-00025,PRJ-001,2025-12-12,Missing Component,Medium,Closed,2025-12-21,CTR-008,9
ISS-000631,UNT-02445,PRJ-001,2025-08-28,Documentation,High,In Review,,CTR-006,305
ISS-000632,UNT-05694,PRJ-003,2026-07-06,Documentation,Medium,Closed,2026-07-13,CTR-008,7
ISS-000633,UNT-01772,PRJ-001,2025-12-08,Missing Component,Medium,In Review,,CTR-008,203
ISS-000634,UNT-02204,PRJ-001,2025-08-08,Dimensional,High,Closed,2025-09-10,CTR-005,33
ISS-000635,UNT-02920,PRJ-002,2025-10-25,Surface Finish,High,In Review,,CTR-004,247
ISS-000636,UNT-03602,PRJ-002,2026-05-05,Surface Finish,Medium,In Review,,CTR-007,55
ISS-000637,UNT-03608,PRJ-002,2025-09-17,Documentation,Medium,In Review,,CTR-007,285
ISS-000638,UNT-04742,PRJ-002,2025-06-14,Documentation,Low,Closed,2025-07-18,CTR-008,34
ISS-000639,UNT-02530,PRJ-001,2025-09-17,Dimensional,High,In Review,,CTR-005,285
ISS-000640,UNT-01560,PRJ-001,2026-09-03,Documentation,High,Closed,2026-09-19,CTR-001,16
ISS-000641,UNT-03171,PRJ-002,2025-05-06,Dimensional,Medium,Closed,2025-06-09,CTR-007,34
ISS-000642,UNT-04681,PRJ-002,2025-09-30,Dimensional,High,Closed,2025-10-29,CTR-001,29
ISS-000643,UNT-00970,PRJ-001,2026-04-02,Alignment,Medium,Open,,CTR-004,88
ISS-000644,UNT-00571,PRJ-001,2026-04-24,Documentation,High,Closed,2026-05-26,CTR-006,32
ISS-000645,UNT-05281,PRJ-003,2026-03-23,Surface Finish,Low,Open,,CTR-007,98
ISS-000646,UNT-06064,PRJ-003,2026-08-31,Damage,Critical,Open,,CTR-008,-63
ISS-000647,UNT-02031,PRJ-001,2026-01-15,Documentation,High,Open,,CTR-003,165
ISS-000648,UNT-04897,PRJ-002,2025-10-23,Missing Component,High,In Review,,CTR-005,249
ISS-000649,UNT-03893,PRJ-002,2026-01-05,Documentation,Low,In Review,,CTR-005,175
ISS-000650,UNT-06045,PRJ-003,2026-03-03,Alignment,Medium,In Review,,CTR-007,118
ISS-000651,UNT-03919,PRJ-002,2025-06-05,Documentation,High,In Review,,CTR-002,389
ISS-000652,UNT-01070,PRJ-001,2026-07-29,Documentation,High,Closed,2026-08-01,CTR-006,3
ISS-000653,UNT-06068,PRJ-003,2026-05-17,Alignment,Low,Closed,2026-05-22,CTR-002,5
ISS-000654,UNT-03707,PRJ-002,2026-01-02,Alignment,Medium,Open,,CTR-007,178
ISS-000655,UNT-06414,PRJ-003,2026-02-27,Missing Component,Medium,In Review,,CTR-002,122
ISS-000656,UNT-03334,PRJ-002,2025-07-16,Dimensional,Medium,Closed,2025-07-24,CTR-001,8
ISS-000657,UNT-05500,PRJ-003,2026-05-14,Surface Finish,High,Open,,CTR-005,46
ISS-000658,UNT-04661,PRJ-002,2025-07-19,Dimensional,Low,Open,,CTR-007,345
ISS-000659,UNT-02719,PRJ-002,2026-07-31,Alignment,Critical,Closed,2026-08-04,CTR-008,4
ISS-000660,UNT-03175,PRJ-002,2026-03-25,Alignment,Medium,Open,,CTR-007,96
ISS-000661,UNT-03859,PRJ-002,2026-09-24,Surface Finish,High,Closed,2026-10-08,CTR-002,14
ISS-000662,UNT-04552,PRJ-002,2025-10-21,Missing Component,Low,Closed,2025-10-28,CTR-007,7
ISS-000663,UNT-01529,PRJ-001,2025-09-25,Missing Component,High,Closed,2025-10-15,CTR-007,20
ISS-000664,UNT-00186,PRJ-001,2025-11-22,Alignment,Medium,Open,,CTR-005,219
ISS-000665,UNT-00062,PRJ-001,2026-09-16,Surface Finish,Low,Closed,2026-10-13,CTR-004,27
ISS-000666,UNT-00641,PRJ-001,2025-07-18,Damage,Critical,Closed,2025-07-28,CTR-006,10
ISS-000667,UNT-04720,PRJ-002,2025-12-28,Dimensional,High,Open,,CTR-008,183
ISS-000668,UNT-04649,PRJ-002,2025-08-18,Surface Finish,Medium,Open,,CTR-006,315
ISS-000669,UNT-06116,PRJ-003,2026-04-24,Dimensional,Medium,Closed,2026-05-27,CTR-001,33
ISS-000670,UNT-06115,PRJ-003,2025-11-15,Surface Finish,High,Open,,CTR-003,226
ISS-000671,UNT-00133,PRJ-001,2026-01-24,Documentation,Medium,Open,,CTR-006,156
ISS-000672,UNT-00356,PRJ-001,2025-05-25,Alignment,Critical,Closed,2025-05-27,CTR-008,2
ISS-000673,UNT-01882,PRJ-001,2025-08-07,Alignment,Critical,Open,,CTR-005,326
ISS-000674,UNT-00636,PRJ-001,2025-09-05,Alignment,Medium,Closed,2025-10-05,CTR-001,30
ISS-000675,UNT-00282,PRJ-001,2026-09-18,Missing Component,Medium,Closed,2026-10-22,CTR-004,34
ISS-000676,UNT-03587,PRJ-002,2026-09-23,Surface Finish,Medium,In Review,,CTR-007,-86
ISS-000677,UNT-01153,PRJ-001,2025-12-15,Missing Component,Low,In Review,,CTR-004,196
ISS-000678,UNT-03114,PRJ-002,2025-07-03,Alignment,Low,Open,,CTR-005,361
ISS-000679,UNT-05038,PRJ-003,2025-11-23,Surface Finish,Critical,Open,,CTR-006,218
ISS-000680,UNT-05863,PRJ-003,2026-10-15,Alignment,Low,Open,,CTR-005,-108
ISS-000681,UNT-05838,PRJ-003,2025-12-14,Missing Component,Medium,Closed,2026-01-05,CTR-005,22
ISS-000682,UNT-03313,PRJ-002,2026-01-23,Damage,High,Closed,2026-01-28,CTR-004,5
ISS-000683,UNT-02159,PRJ-001,2025-06-17,Alignment,Critical,In Review,,CTR-006,377
ISS-000684,UNT-05763,PRJ-003,2026-05-10,Alignment,Medium,In Review,,CTR-004,50
ISS-000685,UNT-00739,PRJ-001,2026-08-13,Dimensional,Critical,Closed,2026-08-20,CTR-001,7
ISS-000686,UNT-04871,PRJ-002,2026-10-11,Alignment,Low,Closed,2026-10-18,CTR-007,7
ISS-000687,UNT-06053,PRJ-003,2026-10-18,Alignment,Critical,Closed,2026-11-22,CTR-008,35
ISS-000688,UNT-04846,PRJ-002,2026-04-30,Alignment,Critical,Open,,CTR-007,60
ISS-000689,UNT-01912,PRJ-001,2026-04-15,Missing Component,Low,In Review,,CTR-004,75
ISS-000690,UNT-00594,PRJ-001,2026-07-01,Dimensional,High,Closed,2026-07-24,CTR-001,23
ISS-000691,UNT-05618,PRJ-003,2026-08-08,Alignment,Low,Closed,2026-08-24,CTR-001,16
ISS-000692,UNT-00191,PRJ-001,2026-03-21,Alignment,High,Closed,2026-04-22,CTR-005,32
ISS-000693,UNT-03847,PRJ-002,2026-04-05,Damage,Medium,Closed,2026-05-01,CTR-005,26
ISS-000694,UNT-05046,PRJ-003,2026-02-14,Dimensional,High,Closed,2026-03-12,CTR-002,26
ISS-000695,UNT-05096,PRJ-003,2025-12-06,Damage,High,In Review,,CTR-001,205
ISS-000696,UNT-05657,PRJ-003,2026-11-28,Damage,Medium,In Review,,CTR-007,-152
ISS-000697,UNT-03855,PRJ-002,2025-11-29,Missing Component,High,Open,,CTR-006,212
ISS-000698,UNT-04455,PRJ-002,2025-09-30,Dimensional,High,In Review,,CTR-005,272
ISS-000699,UNT-04820,PRJ-002,2025-07-31,Damage,Low,Closed,2025-09-02,CTR-007,33
ISS-000700,UNT-01778,PRJ-001,2025-09-19,Surface Finish,Medium,Closed,2025-10-24,CTR-001,35
ISS-000701,UNT-03695,PRJ-002,2026-08-09,Surface Finish,Low,Closed,2026-08-24,CTR-004,15
ISS-000702,UNT-05410,PRJ-003,2026-03-05,Surface Finish,Medium,Closed,2026-03-28,CTR-005,23
ISS-000703,UNT-01810,PRJ-001,2025-11-19,Surface Finish,Critical,Closed,2025-11-30,CTR-001,11
ISS-000704,UNT-01114,PRJ-001,2025-08-26,Damage,High,Closed,2025-09-12,CTR-001,17
ISS-000705,UNT-04960,PRJ-002,2026-05-28,Dimensional,High,In Review,,CTR-004,32
ISS-000706,UNT-00688,PRJ-001,2025-12-10,Documentation,Medium,Closed,2025-12-17,CTR-004,7
ISS-000707,UNT-03305,PRJ-002,2026-04-04,Dimensional,High,Closed,2026-04-08,CTR-004,4
ISS-000708,UNT-04841,PRJ-002,2026-05-24,Surface Finish,Low,Closed,2026-06-15,CTR-003,22
ISS-000709,UNT-01429,PRJ-001,2026-02-27,Dimensional,Low,Open,,CTR-005,122
ISS-000710,UNT-00534,PRJ-001,2025-12-06,Dimensional,Medium,Closed,2025-12-18,CTR-002,12
ISS-000711,UNT-04039,PRJ-002,2025-07-24,Dimensional,Medium,Open,,CTR-008,340
ISS-000712,UNT-05811,PRJ-003,2025-10-29,Surface Finish,High,Closed,2025-11-10,CTR-003,12
ISS-000713,UNT-04728,PRJ-002,2026-03-15,Alignment,Medium,Open,,CTR-006,106
ISS-000714,UNT-04953,PRJ-002,2026-05-08,Damage,Low,Open,,CTR-002,52
ISS-000715,UNT-04457,PRJ-002,2025-10-17,Missing Component,High,Closed,2025-11-07,CTR-007,21
ISS-000716,UNT-01748,PRJ-001,2026-10-02,Damage,High,In Review,,CTR-003,-95
ISS-000717,UNT-04498,PRJ-002,2026-03-26,Surface Finish,Low,Closed,2026-04-10,CTR-002,15
ISS-000718,UNT-01756,PRJ-001,2026-07-09,Documentation,Medium,In Review,,CTR-007,-10
ISS-000719,UNT-04110,PRJ-002,2025-11-19,Alignment,High,Open,,CTR-004,222
ISS-000720,UNT-06317,PRJ-003,2025-10-27,Missing Component,Low,Open,,CTR-008,245
ISS-000721,UNT-04216,PRJ-002,2026-10-13,Missing Component,Critical,In Review,,CTR-004,-106
ISS-000722,UNT-01391,PRJ-001,2026-09-06,Documentation,Medium,Open,,CTR-005,-69
ISS-000723,UNT-01133,PRJ-001,2026-02-17,Documentation,Critical,In Review,,CTR-007,132
ISS-000724,UNT-06265,PRJ-003,2026-11-16,Surface Finish,Medium,Closed,2026-12-02,CTR-003,16
ISS-000725,UNT-04646,PRJ-002,2026-02-03,Damage,Medium,Open,,CTR-005,146
ISS-000726,UNT-03261,PRJ-002,2026-05-23,Documentation,Low,Open,,CTR-002,37
ISS-000727,UNT-03348,PRJ-002,2025-07-11,Surface Finish,Medium,Closed,2025-08-02,CTR-003,22
ISS-000728,UNT-03055,PRJ-002,2025-12-14,Damage,Medium,In Review,,CTR-006,197
ISS-000729,UNT-05571,PRJ-003,2026-08-05,Missing Component,Medium,Closed,2026-08-23,CTR-004,18
ISS-000730,UNT-05140,PRJ-003,2026-05-28,Alignment,Medium,Open,,CTR-008,32
ISS-000731,UNT-02464,PRJ-001,2026-05-11,Dimensional,Medium,Closed,2026-05-29,CTR-008,18
ISS-000732,UNT-01770,PRJ-001,2025-09-23,Damage,Critical,In Review,,CTR-008,279
ISS-000733,UNT-03731,PRJ-002,2025-11-09,Dimensional,High,Closed,2025-12-05,CTR-003,26
ISS-000734,UNT-02461,PRJ-001,2025-07-01,Surface Finish,High,Closed,2025-07-16,CTR-004,15
ISS-000735,UNT-01419,PRJ-001,2026-03-24,Alignment,Low,In Review,,CTR-001,97
ISS-000736,UNT-04026,PRJ-002,2025-08-21,Dimensional,Low,In Review,,CTR-008,312
ISS-000737,UNT-05531,PRJ-003,2026-01-30,Missing Component,Low,In Review,,CTR-006,150
ISS-000738,UNT-05175,PRJ-003,2025-09-20,Documentation,Low,Closed,2025-10-18,CTR-002,28
ISS-000739,UNT-05016,PRJ-002,2025-11-10,Surface Finish,High,Closed,2025-12-01,CTR-003,21
ISS-000740,UNT-06008,PRJ-003,2025-09-23,Dimensional,Medium,Open,,CTR-006,279
ISS-000741,UNT-01095,PRJ-001,2025-07-17,Documentation,High,Open,,CTR-007,347
ISS-000742,UNT-01862,PRJ-001,2025-09-02,Surface Finish,Medium,Closed,2025-09-29,CTR-007,27
ISS-000743,UNT-01798,PRJ-001,2025-07-16,Missing Component,Critical,Open,,CTR-004,348
ISS-000744,UNT-00330,PRJ-001,2026-05-10,Documentation,Low,In Review,,CTR-003,50
ISS-000745,UNT-00591,PRJ-001,2025-11-10,Missing Component,Medium,Open,,CTR-004,231
ISS-000746,UNT-02163,PRJ-001,2025-12-08,Missing Component,Medium,Open,,CTR-001,203
ISS-000747,UNT-06235,PRJ-003,2026-05-14,Surface Finish,Medium,Open,,CTR-005,46
ISS-000748,UNT-04683,PRJ-002,2026-03-08,Alignment,Medium,Open,,CTR-005,113
ISS-000749,UNT-04268,PRJ-002,2025-04-14,Alignment,High,Closed,2025-04-26,CTR-003,12
ISS-000750,UNT-03204,PRJ-002,2025-10-05,Missing Component,High,Closed,2025-10-14,CTR-008,9
ISS-000751,UNT-05188,PRJ-003,2026-10-03,Dimensional,Low,In Review,,CTR-001,-96
ISS-000752,UNT-05575,PRJ-003,2026-02-15,Documentation,High,Open,,CTR-007,134
ISS-000753,UNT-03633,PRJ-002,2025-12-05,Missing Component,Critical,Open,,CTR-003,206
ISS-000754,UNT-06231,PRJ-003,2026-12-14,Documentation,High,Open,,CTR-005,-168
ISS-000755,UNT-04693,PRJ-002,2026-08-03,Documentation,Medium,Closed,2026-08-26,CTR-004,23
ISS-000756,UNT-04558,PRJ-002,2026-07-19,Surface Finish,Medium,Closed,2026-07-22,CTR-008,3
ISS-000757,UNT-00256,PRJ-001,2025-08-22,Documentation,Low,Closed,2025-09-09,CTR-006,18
ISS-000758,UNT-05381,PRJ-003,2027-01-20,Dimensional,Medium,Closed,2027-02-20,CTR-003,31
ISS-000759,UNT-00475,PRJ-001,2026-05-21,Alignment,High,Open,,CTR-001,39
ISS-000760,UNT-03757,PRJ-002,2026-04-02,Documentation,High,Closed,2026-04-26,CTR-008,24
ISS-000761,UNT-06272,PRJ-003,2025-07-22,Surface Finish,Medium,Closed,2025-07-27,CTR-005,5
ISS-000762,UNT-00016,PRJ-001,2025-10-10,Alignment,Low,In Review,,CTR-005,262
ISS-000763,UNT-00878,PRJ-001,2025-06-12,Alignment,Medium,Closed,2025-07-10,CTR-008,28
ISS-000764,UNT-04786,PRJ-002,2025-07-24,Documentation,Low,Closed,2025-08-03,CTR-003,10
ISS-000765,UNT-05690,PRJ-003,2025-11-04,Missing Component,Medium,Closed,2025-11-30,CTR-006,26
ISS-000766,UNT-05487,PRJ-003,2026-08-08,Dimensional,Medium,Closed,2026-08-10,CTR-001,2
ISS-000767,UNT-02917,PRJ-002,2026-03-11,Missing Component,High,Open,,CTR-007,110
ISS-000768,UNT-01884,PRJ-001,2026-08-27,Surface Finish,High,Closed,2026-09-10,CTR-006,14
ISS-000769,UNT-06294,PRJ-003,2026-07-04,Missing Component,Low,Open,,CTR-008,-5
ISS-000770,UNT-04251,PRJ-002,2025-12-03,Missing Component,High,Closed,2026-01-02,CTR-003,30
ISS-000771,UNT-01263,PRJ-001,2025-04-29,Documentation,Low,In Review,,CTR-006,426
ISS-000772,UNT-00597,PRJ-001,2025-06-22,Damage,High,Open,,CTR-007,372
ISS-000773,UNT-04850,PRJ-002,2026-05-14,Surface Finish,Medium,Closed,2026-06-08,CTR-008,25
ISS-000774,UNT-04699,PRJ-002,2026-07-22,Surface Finish,Low,In Review,,CTR-003,-23
ISS-000775,UNT-01754,PRJ-001,2025-09-08,Surface Finish,Low,In Review,,CTR-004,294
ISS-000776,UNT-03772,PRJ-002,2026-07-07,Dimensional,Medium,Closed,2026-07-23,CTR-006,16
ISS-000777,UNT-04098,PRJ-002,2026-03-30,Alignment,Medium,Closed,2026-04-11,CTR-008,12
ISS-000778,UNT-02118,PRJ-001,2026-05-07,Damage,High,Closed,2026-06-08,CTR-006,32
ISS-000779,UNT-06308,PRJ-003,2026-03-31,Alignment,High,Closed,2026-04-20,CTR-005,20
ISS-000780,UNT-03911,PRJ-002,2026-08-15,Alignment,Critical,Closed,2026-09-16,CTR-006,32
ISS-000781,UNT-04180,PRJ-002,2025-04-07,Missing Component,Medium,Closed,2025-05-03,CTR-008,26
ISS-000782,UNT-00912,PRJ-001,2026-04-08,Missing Component,High,Closed,2026-05-08,CTR-005,30
ISS-000783,UNT-00271,PRJ-001,2025-12-25,Damage,Medium,Closed,2025-12-30,CTR-005,5
ISS-000784,UNT-03190,PRJ-002,2025-12-10,Surface Finish,Medium,Closed,2025-12-17,CTR-001,7
ISS-000785,UNT-01194,PRJ-001,2026-02-15,Alignment,Critical,Open,,CTR-002,134
ISS-000786,UNT-03694,PRJ-002,2026-07-20,Surface Finish,High,In Review,,CTR-006,-21
ISS-000787,UNT-01007,PRJ-001,2025-09-24,Alignment,Critical,Closed,2025-10-12,CTR-005,18
ISS-000788,UNT-03221,PRJ-002,2025-08-27,Documentation,High,Closed,2025-09-17,CTR-002,21
ISS-000789,UNT-03193,PRJ-002,2025-05-21,Damage,High,Closed,2025-06-12,CTR-004,22
ISS-000790,UNT-05271,PRJ-003,2026-04-14,Dimensional,Medium,In Review,,CTR-002,76
ISS-000791,UNT-03370,PRJ-002,2025-06-12,Surface Finish,Medium,Closed,2025-06-22,CTR-001,10
ISS-000792,UNT-01205,PRJ-001,2026-06-28,Alignment,High,Closed,2026-07-07,CTR-004,9
ISS-000793,UNT-05392,PRJ-003,2026-05-06,Alignment,Medium,Closed,2026-05-25,CTR-008,19
ISS-000794,UNT-06291,PRJ-003,2025-09-26,Missing Component,Low,Closed,2025-10-07,CTR-004,11
ISS-000795,UNT-00095,PRJ-001,2026-01-26,Missing Component,Medium,Open,,CTR-008,154
ISS-000796,UNT-00451,PRJ-001,2026-02-25,Alignment,Low,In Review,,CTR-005,124
ISS-000797,UNT-01956,PRJ-001,2025-08-17,Surface Finish,Low,Closed,2025-08-30,CTR-001,13
ISS-000798,UNT-04034,PRJ-002,2026-07-20,Damage,High,Closed,2026-07-22,CTR-007,2
ISS-000799,UNT-01385,PRJ-001,2025-06-14,Dimensional,High,In Review,,CTR-001,380
ISS-000800,UNT-04784,PRJ-002,2026-01-29,Surface Finish,Medium,Closed,2026-02-23,CTR-006,25
ISS-000801,UNT-00208,PRJ-001,2026-02-27,Dimensional,Medium,Open,,CTR-008,122
ISS-000802,UNT-05980,PRJ-003,2027-01-27,Alignment,High,Open,,CTR-002,-212
ISS-000803,UNT-00908,PRJ-001,2026-05-01,Missing Component,Low,Open,,CTR-003,59
ISS-000804,UNT-06357,PRJ-003,2026-08-09,Dimensional,Medium,Open,,CTR-002,-41
ISS-000805,UNT-03959,PRJ-002,2026-06-28,Surface Finish,Medium,Closed,2026-07-29,CTR-005,31
ISS-000806,UNT-05608,PRJ-003,2026-03-09,Damage,Low,Closed,2026-04-11,CTR-008,33
ISS-000807,UNT-01102,PRJ-001,2026-01-21,Dimensional,Medium,Closed,2026-02-06,CTR-007,16
ISS-000808,UNT-04830,PRJ-002,2026-01-03,Missing Component,Low,In Review,,CTR-006,177
ISS-000809,UNT-01201,PRJ-001,2025-07-04,Documentation,Low,In Review,,CTR-003,360
ISS-000810,UNT-05313,PRJ-003,2026-02-14,Surface Finish,Medium,Closed,2026-02-18,CTR-008,4
ISS-000811,UNT-01992,PRJ-001,2026-06-16,Surface Finish,High,Closed,2026-06-18,CTR-006,2
ISS-000812,UNT-04717,PRJ-002,2026-04-17,Documentation,Critical,Open,,CTR-002,73
ISS-000813,UNT-01435,PRJ-001,2026-07-23,Surface Finish,Medium,Open,,CTR-002,-24
ISS-000814,UNT-04848,PRJ-002,2026-02-26,Documentation,Low,Closed,2026-03-14,CTR-005,16
ISS-000815,UNT-03874,PRJ-002,2026-09-22,Dimensional,High,In Review,,CTR-008,-85
ISS-000816,UNT-00543,PRJ-001,2025-09-19,Documentation,Low,In Review,,CTR-008,283
ISS-000817,UNT-06423,PRJ-003,2026-11-29,Missing Component,High,Open,,CTR-001,-153
ISS-000818,UNT-03943,PRJ-002,2026-07-24,Alignment,Medium,Open,,CTR-002,-25
ISS-000819,UNT-04817,PRJ-002,2025-08-18,Surface Finish,High,In Review,,CTR-003,315
ISS-000820,UNT-03152,PRJ-002,2026-06-11,Dimensional,High,Open,,CTR-003,18
ISS-000821,UNT-03654,PRJ-002,2025-09-25,Damage,Low,Open,,CTR-006,277
ISS-000822,UNT-06429,PRJ-003,2026-05-04,Alignment,High,Open,,CTR-007,56
ISS-000823,UNT-04670,PRJ-002,2026-01-28,Missing Component,High,Closed,2026-02-04,CTR-007,7
ISS-000824,UNT-04070,PRJ-002,2026-08-14,Alignment,High,Closed,2026-09-12,CTR-007,29
ISS-000825,UNT-03605,PRJ-002,2025-09-22,Surface Finish,Low,Closed,2025-10-21,CTR-003,29
ISS-000826,UNT-04418,PRJ-002,2025-10-21,Damage,Medium,In Review,,CTR-003,251
ISS-000827,UNT-01505,PRJ-001,2025-06-20,Surface Finish,Medium,In Review,,CTR-006,374
ISS-000828,UNT-00319,PRJ-001,2026-02-10,Dimensional,Medium,Open,,CTR-002,139
ISS-000829,UNT-00306,PRJ-001,2025-05-21,Alignment,High,Open,,CTR-008,404
ISS-000830,UNT-01137,PRJ-001,2025-07-25,Missing Component,High,Open,,CTR-002,339
ISS-000831,UNT-00346,PRJ-001,2026-07-22,Dimensional,High,Closed,2026-08-11,CTR-002,20
ISS-000832,UNT-04917,PRJ-002,2026-08-08,Surface Finish,Critical,Closed,2026-08-27,CTR-003,19
ISS-000833,UNT-03773,PRJ-002,2026-03-27,Missing Component,Medium,Closed,2026-04-16,CTR-008,20
ISS-000834,UNT-02202,PRJ-001,2026-07-01,Alignment,Medium,Open,,CTR-003,-2
ISS-000835,UNT-00203,PRJ-001,2025-09-02,Missing Component,Medium,Closed,2025-09-12,CTR-007,10
ISS-000836,UNT-05496,PRJ-003,2025-09-01,Documentation,High,Closed,2025-09-06,CTR-007,5
ISS-000837,UNT-03715,PRJ-002,2026-08-22,Alignment,Low,Closed,2026-09-09,CTR-002,18
ISS-000838,UNT-04202,PRJ-002,2026-07-15,Damage,Low,Closed,2026-07-25,CTR-003,10
ISS-000839,UNT-04425,PRJ-002,2026-11-18,Surface Finish,Medium,In Review,,CTR-008,-142
ISS-000840,UNT-00928,PRJ-001,2026-05-24,Dimensional,High,Open,,CTR-005,36
ISS-000841,UNT-01535,PRJ-001,2026-06-13,Documentation,Low,Closed,2026-07-18,CTR-003,35
ISS-000842,UNT-00184,PRJ-001,2025-08-29,Dimensional,Low,Open,,CTR-002,304
ISS-000843,UNT-00391,PRJ-001,2025-09-12,Documentation,Critical,In Review,,CTR-004,290
ISS-000844,UNT-02306,PRJ-001,2026-06-19,Surface Finish,Low,Open,,CTR-003,10
ISS-000845,UNT-06400,PRJ-003,2026-07-01,Surface Finish,Medium,Open,,CTR-003,-2
ISS-000846,UNT-03580,PRJ-002,2026-04-28,Damage,Low,Closed,2026-05-29,CTR-001,31
ISS-000847,UNT-02860,PRJ-002,2025-10-09,Alignment,Medium,In Review,,CTR-005,263
ISS-000848,UNT-00342,PRJ-001,2026-09-26,Dimensional,High,In Review,,CTR-007,-89
ISS-000849,UNT-01776,PRJ-001,2026-08-02,Dimensional,High,Open,,CTR-006,-34
ISS-000850,UNT-05682,PRJ-003,2025-11-10,Documentation,High,Closed,2025-11-12,CTR-007,2
ISS-000851,UNT-02419,PRJ-001,2025-06-19,Damage,High,Closed,2025-07-02,CTR-004,13
ISS-000852,UNT-06091,PRJ-003,2026-05-24,Missing Component,Critical,Closed,2026-06-03,CTR-006,10
ISS-000853,UNT-05073,PRJ-003,2027-01-25,Damage,Medium,Closed,2027-02-07,CTR-006,13
ISS-000854,UNT-00904,PRJ-001,2026-08-05,Damage,Low,Closed,2026-08-31,CTR-004,26
ISS-000855,UNT-06356,PRJ-003,2026-04-30,Documentation,High,Open,,CTR-003,60
ISS-000856,UNT-06426,PRJ-003,2026-07-05,Documentation,High,Open,,CTR-002,-6
ISS-000857,UNT-00802,PRJ-001,2026-10-27,Surface Finish,Medium,Open,,CTR-005,-120
ISS-000858,UNT-00181,PRJ-001,2026-05-17,Damage,Medium,Closed,2026-06-12,CTR-007,26
ISS-000859,UNT-04696,PRJ-002,2026-10-10,Missing Component,Low,Open,,CTR-008,-103
ISS-000860,UNT-05714,PRJ-003,2026-11-24,Dimensional,Low,In Review,,CTR-003,-148
ISS-000861,UNT-00540,PRJ-001,2025-04-17,Alignment,Low,Closed,2025-05-12,CTR-007,25
ISS-000862,UNT-00147,PRJ-001,2026-02-21,Alignment,Low,Open,,CTR-001,128
ISS-000863,UNT-05968,PRJ-003,2025-12-16,Alignment,Low,Closed,2026-01-11,CTR-001,26
ISS-000864,UNT-00595,PRJ-001,2026-11-04,Missing Component,Medium,In Review,,CTR-001,-128
ISS-000865,UNT-05501,PRJ-003,2025-09-17,Dimensional,High,Open,,CTR-003,285
ISS-000866,UNT-00584,PRJ-001,2026-07-28,Missing Component,Medium,Closed,2026-08-02,CTR-001,5
ISS-000867,UNT-05734,PRJ-003,2026-01-23,Dimensional,High,Open,,CTR-008,157
ISS-000868,UNT-02308,PRJ-001,2025-08-20,Dimensional,Medium,Closed,2025-09-20,CTR-008,31
ISS-000869,UNT-00320,PRJ-001,2025-07-24,Documentation,High,Closed,2025-08-05,CTR-002,12
ISS-000870,UNT-01808,PRJ-001,2026-10-16,Damage,High,In Review,,CTR-001,-109
ISS-000871,UNT-01313,PRJ-001,2026-10-27,Alignment,Medium,Open,,CTR-006,-120
ISS-000872,UNT-01310,PRJ-001,2026-04-03,Missing Component,Low,Open,,CTR-006,87
ISS-000873,UNT-02184,PRJ-001,2026-03-06,Dimensional,High,Closed,2026-03-29,CTR-003,23
ISS-000874,UNT-05635,PRJ-003,2026-02-13,Missing Component,Medium,Closed,2026-03-20,CTR-008,35
ISS-000875,UNT-03005,PRJ-002,2026-09-07,Missing Component,Medium,Closed,2026-09-26,CTR-004,19
ISS-000876,UNT-04420,PRJ-002,2025-10-28,Missing Component,Medium,Open,,CTR-007,244
ISS-000877,UNT-03641,PRJ-002,2025-12-05,Dimensional,High,In Review,,CTR-001,206
ISS-000878,UNT-01683,PRJ-001,2025-07-03,Alignment,Medium,Open,,CTR-003,361
ISS-000879,UNT-01301,PRJ-001,2025-08-24,Alignment,Low,In Review,,CTR-005,309
ISS-000880,UNT-01704,PRJ-001,2025-07-30,Damage,Medium,Closed,2025-08-25,CTR-005,26
ISS-000881,UNT-02090,PRJ-001,2025-11-30,Alignment,Low,Closed,2025-12-28,CTR-006,28
ISS-000882,UNT-06003,PRJ-003,2026-03-20,Dimensional,Medium,Closed,2026-03-27,CTR-008,7
ISS-000883,UNT-01761,PRJ-001,2026-10-10,Surface Finish,Medium,Closed,2026-10-15,CTR-006,5
ISS-000884,UNT-01618,PRJ-001,2025-09-24,Alignment,High,Open,,CTR-004,278
ISS-000885,UNT-03416,PRJ-002,2026-04-14,Damage,Low,Closed,2026-05-15,CTR-003,31
ISS-000886,UNT-02042,PRJ-001,2026-06-11,Dimensional,Medium,Closed,2026-07-10,CTR-001,29
ISS-000887,UNT-03622,PRJ-002,2026-02-11,Alignment,Low,Closed,2026-02-19,CTR-006,8
ISS-000888,UNT-03783,PRJ-002,2026-07-26,Surface Finish,Medium,Closed,2026-08-29,CTR-004,34
ISS-000889,UNT-06073,PRJ-003,2025-09-24,Missing Component,Critical,Open,,CTR-005,278
ISS-000890,UNT-03523,PRJ-002,2025-06-13,Surface Finish,Medium,Open,,CTR-007,381
ISS-000891,UNT-01709,PRJ-001,2026-09-01,Documentation,Medium,Open,,CTR-004,-64
ISS-000892,UNT-06081,PRJ-003,2026-04-27,Missing Component,Low,Open,,CTR-003,63
ISS-000893,UNT-03699,PRJ-002,2025-10-19,Documentation,Low,Closed,2025-10-22,CTR-007,3
ISS-000894,UNT-01921,PRJ-001,2026-02-28,Surface Finish,Medium,Closed,2026-03-06,CTR-005,6
ISS-000895,UNT-05419,PRJ-003,2026-08-06,Missing Component,Medium,In Review,,CTR-007,-38
ISS-000896,UNT-00401,PRJ-001,2026-06-18,Alignment,Medium,Closed,2026-07-12,CTR-006,24
ISS-000897,UNT-01836,PRJ-001,2026-10-24,Alignment,Low,Open,,CTR-005,-117
ISS-000898,UNT-00852,PRJ-001,2026-02-13,Surface Finish,Low,In Review,,CTR-002,136
ISS-000899,UNT-02930,PRJ-002,2025-10-27,Missing Component,High,Open,,CTR-008,245
ISS-000900,UNT-05167,PRJ-003,2025-08-30,Alignment,Critical,In Review,,CTR-006,303
ISS-000901,UNT-03458,PRJ-002,2025-12-14,Alignment,High,Open,,CTR-004,197
ISS-000902,UNT-06374,PRJ-003,2025-11-22,Damage,High,In Review,,CTR-003,219
ISS-000903,UNT-01982,PRJ-001,2026-05-05,Dimensional,High,In Review,,CTR-007,55
ISS-000904,UNT-00254,PRJ-001,2025-07-26,Surface Finish,High,Open,,CTR-002,338
ISS-000905,UNT-05351,PRJ-003,2026-09-08,Dimensional,High,Open,,CTR-007,-71
ISS-000906,UNT-02271,PRJ-001,2026-01-29,Surface Finish,Medium,Open,,CTR-006,151
ISS-000907,UNT-01593,PRJ-001,2026-03-02,Dimensional,Low,Closed,2026-03-17,CTR-004,15
ISS-000908,UNT-03612,PRJ-002,2026-02-08,Surface Finish,Medium,Closed,2026-02-14,CTR-005,6
ISS-000909,UNT-00307,PRJ-001,2025-06-26,Alignment,Low,Closed,2025-07-13,CTR-007,17
ISS-000910,UNT-06136,PRJ-003,2026-09-28,Surface Finish,Critical,Closed,2026-10-21,CTR-003,23
ISS-000911,UNT-00284,PRJ-001,2025-09-28,Missing Component,Medium,Open,,CTR-006,274
ISS-000912,UNT-04865,PRJ-002,2025-12-31,Documentation,Low,Open,,CTR-006,180
ISS-000913,UNT-04672,PRJ-002,2026-01-04,Surface Finish,Medium,In Review,,CTR-005,176
ISS-000914,UNT-01303,PRJ-001,2025-09-27,Surface Finish,High,Open,,CTR-004,275
ISS-000915,UNT-03985,PRJ-002,2026-02-16,Alignment,Low,Closed,2026-03-17,CTR-004,29
ISS-000916,UNT-03196,PRJ-002,2025-12-01,Dimensional,High,Open,,CTR-003,210
ISS-000917,UNT-04689,PRJ-002,2025-11-25,Alignment,High,Closed,2025-12-28,CTR-003,33
ISS-000918,UNT-02895,PRJ-002,2026-09-27,Damage,Medium,Open,,CTR-008,-90
ISS-000919,UNT-04222,PRJ-002,2026-08-28,Surface Finish,Low,Closed,2026-09-18,CTR-006,21
ISS-000920,UNT-02678,PRJ-002,2026-07-07,Damage,Critical,Closed,2026-08-07,CTR-003,31
ISS-000921,UNT-03931,PRJ-002,2026-06-22,Alignment,High,Open,,CTR-007,7
ISS-000922,UNT-01662,PRJ-001,2026-01-07,Missing Component,High,Open,,CTR-001,173
ISS-000923,UNT-03455,PRJ-002,2025-09-04,Dimensional,Medium,Closed,2025-09-06,CTR-003,2
ISS-000924,UNT-05665,PRJ-003,2027-02-01,Dimensional,Critical,Closed,2027-02-14,CTR-007,13
ISS-000925,UNT-02331,PRJ-001,2025-11-05,Dimensional,Medium,Closed,2025-11-12,CTR-001,7
ISS-000926,UNT-05588,PRJ-003,2026-01-06,Surface Finish,Critical,Closed,2026-01-18,CTR-003,12
ISS-000927,UNT-03877,PRJ-002,2026-07-30,Documentation,Medium,Closed,2026-08-08,CTR-008,9
ISS-000928,UNT-04877,PRJ-002,2026-06-19,Documentation,High,Closed,2026-06-22,CTR-003,3
ISS-000929,UNT-04664,PRJ-002,2025-10-26,Documentation,Low,Closed,2025-11-26,CTR-002,31
ISS-000930,UNT-05519,PRJ-003,2027-02-11,Surface Finish,Medium,Open,,CTR-002,-227
ISS-000931,UNT-06001,PRJ-003,2026-06-06,Documentation,Medium,Open,,CTR-008,23
ISS-000932,UNT-01753,PRJ-001,2026-07-26,Missing Component,High,Open,,CTR-003,-27
ISS-000933,UNT-05556,PRJ-003,2025-12-24,Missing Component,High,Open,,CTR-008,187
ISS-000934,UNT-01777,PRJ-001,2025-06-27,Alignment,High,In Review,,CTR-004,367
ISS-000935,UNT-01570,PRJ-001,2026-07-19,Damage,Medium,In Review,,CTR-001,-20
ISS-000936,UNT-02091,PRJ-001,2025-03-15,Missing Component,Low,Closed,2025-03-17,CTR-008,2
ISS-000937,UNT-03266,PRJ-002,2026-07-09,Missing Component,High,Open,,CTR-005,-10
ISS-000938,UNT-06200,PRJ-003,2025-12-01,Missing Component,Medium,In Review,,CTR-008,210
ISS-000939,UNT-03368,PRJ-002,2026-11-04,Missing Component,High,Open,,CTR-005,-128
ISS-000940,UNT-06054,PRJ-003,2026-06-23,Missing Component,Medium,In Review,,CTR-004,6
ISS-000941,UNT-01322,PRJ-001,2025-03-17,Damage,Low,In Review,,CTR-008,469
ISS-000942,UNT-00632,PRJ-001,2025-05-22,Missing Component,Low,Closed,2025-06-18,CTR-004,27
ISS-000943,UNT-00153,PRJ-001,2025-12-04,Missing Component,High,Closed,2025-12-10,CTR-006,6
ISS-000944,UNT-01464,PRJ-001,2025-11-29,Documentation,Low,Open,,CTR-002,212
ISS-000945,UNT-00207,PRJ-001,2026-04-15,Damage,Low,Closed,2026-05-03,CTR-004,18
ISS-000946,UNT-05625,PRJ-003,2026-06-01,Dimensional,Medium,Closed,2026-06-19,CTR-006,18
ISS-000947,UNT-01294,PRJ-001,2025-06-21,Surface Finish,High,In Review,,CTR-004,373
ISS-000948,UNT-01644,PRJ-001,2026-03-18,Documentation,Medium,Open,,CTR-004,103
ISS-000949,UNT-04151,PRJ-002,2026-03-16,Dimensional,Medium,Open,,CTR-008,105
ISS-000950,UNT-00729,PRJ-001,2026-08-09,Documentation,High,Open,,CTR-004,-41
ISS-000951,UNT-06316,PRJ-003,2025-10-19,Surface Finish,Low,In Review,,CTR-004,253
ISS-000952,UNT-03128,PRJ-002,2026-03-21,Missing Component,Low,In Review,,CTR-007,100
ISS-000953,UNT-02265,PRJ-001,2026-01-21,Surface Finish,Medium,Closed,2026-02-24,CTR-005,34
ISS-000954,UNT-04233,PRJ-002,2025-12-02,Dimensional,Medium,Closed,2025-12-07,CTR-008,5
ISS-000955,UNT-01919,PRJ-001,2025-08-07,Alignment,Low,Open,,CTR-004,326
ISS-000956,UNT-03728,PRJ-002,2026-01-13,Surface Finish,Critical,Closed,2026-01-25,CTR-004,12
ISS-000957,UNT-03022,PRJ-002,2026-05-20,Alignment,Critical,In Review,,CTR-006,40
ISS-000958,UNT-06513,PRJ-003,2026-04-19,Missing Component,High,Open,,CTR-007,71
ISS-000959,UNT-03746,PRJ-002,2025-10-14,Alignment,High,In Review,,CTR-007,258
ISS-000960,UNT-02078,PRJ-001,2026-10-21,Missing Component,Low,Closed,2026-11-04,CTR-006,14
ISS-000961,UNT-05309,PRJ-003,2026-08-02,Alignment,Medium,Closed,2026-08-25,CTR-007,23
ISS-000962,UNT-05039,PRJ-003,2025-12-11,Dimensional,Medium,In Review,,CTR-001,200
ISS-000963,UNT-04210,PRJ-002,2026-06-10,Damage,Low,Open,,CTR-007,19
ISS-000964,UNT-00183,PRJ-001,2025-07-29,Missing Component,High,Closed,2025-08-06,CTR-005,8
ISS-000965,UNT-03284,PRJ-002,2026-01-08,Surface Finish,High,Open,,CTR-002,172
ISS-000966,UNT-00762,PRJ-001,2025-07-29,Documentation,Medium,Open,,CTR-007,335
ISS-000967,UNT-03691,PRJ-002,2025-12-08,Damage,Medium,Closed,2025-12-19,CTR-004,11
ISS-000968,UNT-04443,PRJ-002,2026-03-04,Missing Component,Low,Closed,2026-03-09,CTR-007,5
ISS-000969,UNT-02108,PRJ-001,2025-08-24,Missing Component,Medium,Open,,CTR-004,309
ISS-000970,UNT-01540,PRJ-001,2026-04-12,Damage,Low,Open,,CTR-008,78
ISS-000971,UNT-02404,PRJ-001,2025-08-11,Damage,High,Open,,CTR-005,322
ISS-000972,UNT-05591,PRJ-003,2026-10-14,Dimensional,Medium,Open,,CTR-008,-107
ISS-000973,UNT-01941,PRJ-001,2026-04-22,Documentation,Medium,In Review,,CTR-002,68
ISS-000974,UNT-03685,PRJ-002,2026-01-04,Dimensional,Medium,Closed,2026-01-26,CTR-006,22
ISS-000975,UNT-05028,PRJ-003,2025-10-23,Dimensional,High,Closed,2025-11-19,CTR-005,27
ISS-000976,UNT-03544,PRJ-002,2026-03-27,Documentation,High,In Review,,CTR-005,94
ISS-000977,UNT-03156,PRJ-002,2026-08-03,Surface Finish,Medium,In Review,,CTR-007,-35
ISS-000978,UNT-02973,PRJ-002,2025-06-23,Dimensional,Medium,Closed,2025-06-28,CTR-008,5
ISS-000979,UNT-03066,PRJ-002,2025-05-01,Damage,Low,Open,,CTR-006,424
ISS-000980,UNT-01200,PRJ-001,2025-08-31,Dimensional,Critical,Open,,CTR-006,302
ISS-000981,UNT-04842,PRJ-002,2025-05-22,Damage,High,Closed,2025-06-24,CTR-002,33
ISS-000982,UNT-00638,PRJ-001,2025-08-16,Documentation,High,Closed,2025-08-19,CTR-001,3
ISS-000983,UNT-03271,PRJ-002,2026-02-08,Missing Component,Low,Open,,CTR-004,141
ISS-000984,UNT-05804,PRJ-003,2025-11-02,Damage,Medium,Closed,2025-11-10,CTR-007,8
ISS-000985,UNT-04872,PRJ-002,2026-03-13,Damage,High,Closed,2026-03-26,CTR-005,13
ISS-000986,UNT-01711,PRJ-001,2025-03-25,Damage,Medium,Open,,CTR-007,461
ISS-000987,UNT-01522,PRJ-001,2025-08-29,Alignment,Critical,Open,,CTR-007,304
ISS-000988,UNT-06063,PRJ-003,2026-09-10,Damage,High,Open,,CTR-005,-73
ISS-000989,UNT-02110,PRJ-001,2026-05-08,Damage,Low,Open,,CTR-008,52
ISS-000990,UNT-05471,PRJ-003,2026-10-16,Documentation,Critical,Open,,CTR-001,-109
ISS-000991,UNT-05969,PRJ-003,2026-07-11,Missing Component,Critical,Open,,CTR-005,-12
ISS-000992,UNT-04281,PRJ-002,2025-12-13,Missing Component,High,Open,,CTR-007,198
ISS-000993,UNT-03364,PRJ-002,2025-08-16,Missing Component,Critical,Closed,2025-08-25,CTR-002,9
ISS-000994,UNT-03821,PRJ-002,2025-11-16,Missing Component,Medium,Closed,2025-12-15,CTR-007,29
ISS-000995,UNT-03389,PRJ-002,2026-02-17,Missing Component,Medium,Closed,2026-02-26,CTR-001,9
ISS-000996,UNT-03235,PRJ-002,2025-06-28,Damage,High,Open,,CTR-003,366
ISS-000997,UNT-03429,PRJ-002,2025-08-03,Damage,Medium,Closed,2025-08-24,CTR-008,21
ISS-000998,UNT-02588,PRJ-002,2026-07-25,Dimensional,High,Closed,2026-08-23,CTR-004,29
ISS-000999,UNT-02831,PRJ-002,2026-07-24,Surface Finish,Medium,Closed,2026-08-27,CTR-007,34
ISS-001000,UNT-02727,PRJ-002,2026-08-04,Alignment,High,In Review,,CTR-001,-36
ISS-001001,UNT-04738,PRJ-002,2026-03-27,Surface Finish,High,Open,,CTR-008,94
ISS-001002,UNT-03180,PRJ-002,2026-04-22,Alignment,Critical,Closed,2026-05-24,CTR-003,32
ISS-001003,UNT-06266,PRJ-003,2026-10-30,Damage,Low,Closed,2026-11-27,CTR-003,28
ISS-001004,UNT-06478,PRJ-003,2025-11-05,Documentation,Low,Open,,CTR-002,236
ISS-001005,UNT-02631,PRJ-002,2025-10-10,Surface Finish,High,Open,,CTR-004,262
ISS-001006,UNT-04478,PRJ-002,2026-09-23,Surface Finish,Medium,Closed,2026-10-04,CTR-005,11
ISS-001007,UNT-01000,PRJ-001,2025-09-08,Dimensional,High,Closed,2025-09-24,CTR-002,16
ISS-001008,UNT-02181,PRJ-001,2026-07-26,Dimensional,Medium,Closed,2026-08-25,CTR-008,30
ISS-001009,UNT-02943,PRJ-002,2025-10-25,Damage,Medium,Open,,CTR-001,247
ISS-001010,UNT-02748,PRJ-002,2026-09-14,Surface Finish,Medium,Open,,CTR-003,-77
ISS-001011,UNT-06350,PRJ-003,2026-07-09,Surface Finish,High,In Review,,CTR-003,-10
ISS-001012,UNT-05562,PRJ-003,2026-02-08,Documentation,High,Closed,2026-03-10,CTR-002,30
ISS-001013,UNT-01717,PRJ-001,2025-09-14,Dimensional,Medium,In Review,,CTR-008,288
ISS-001014,UNT-04542,PRJ-002,2026-12-04,Missing Component,Critical,In Review,,CTR-006,-158
ISS-001015,UNT-00894,PRJ-001,2026-01-08,Damage,Low,Closed,2026-02-05,CTR-006,28
ISS-001016,UNT-05029,PRJ-003,2026-10-28,Damage,Low,Open,,CTR-007,-121
ISS-001017,UNT-02394,PRJ-001,2025-11-09,Dimensional,Critical,Open,,CTR-007,232
ISS-001018,UNT-00552,PRJ-001,2025-10-07,Surface Finish,Medium,Closed,2025-10-22,CTR-004,15
ISS-001019,UNT-00961,PRJ-001,2025-10-20,Dimensional,Medium,Closed,2025-11-07,CTR-004,18
ISS-001020,UNT-05779,PRJ-003,2025-11-04,Documentation,Medium,In Review,,CTR-004,237
ISS-001021,UNT-03658,PRJ-002,2025-05-08,Surface Finish,High,Open,,CTR-003,417
ISS-001022,UNT-01283,PRJ-001,2025-06-22,Dimensional,Medium,Closed,2025-07-14,CTR-007,22
ISS-001023,UNT-01779,PRJ-001,2025-09-25,Documentation,Low,Closed,2025-09-29,CTR-002,4
ISS-001024,UNT-02260,PRJ-001,2026-04-23,Dimensional,Low,Closed,2026-05-15,CTR-004,22
ISS-001025,UNT-00909,PRJ-001,2025-07-24,Dimensional,Medium,Closed,2025-07-27,CTR-001,3
ISS-001026,UNT-05450,PRJ-003,2025-12-27,Alignment,Low,Closed,2026-01-28,CTR-003,32
ISS-001027,UNT-04339,PRJ-002,2025-10-12,Missing Component,Medium,Open,,CTR-007,260
ISS-001028,UNT-06375,PRJ-003,2026-07-25,Dimensional,High,Closed,2026-08-04,CTR-002,10
ISS-001029,UNT-03846,PRJ-002,2026-06-03,Missing Component,High,Open,,CTR-006,26
ISS-001030,UNT-03674,PRJ-002,2026-03-25,Dimensional,High,Closed,2026-04-07,CTR-006,13
ISS-001031,UNT-00059,PRJ-001,2026-02-02,Alignment,High,Open,,CTR-003,147
ISS-001032,UNT-01991,PRJ-001,2026-06-25,Dimensional,High,Closed,2026-07-11,CTR-003,16
ISS-001033,UNT-03109,PRJ-002,2026-01-17,Missing Component,Medium,Closed,2026-01-19,CTR-001,2
ISS-001034,UNT-03802,PRJ-002,2026-07-20,Damage,Medium,Open,,CTR-005,-21
ISS-001035,UNT-00781,PRJ-001,2026-07-03,Damage,High,Closed,2026-07-11,CTR-006,8
ISS-001036,UNT-04586,PRJ-002,2026-04-08,Missing Component,Medium,Open,,CTR-008,82
ISS-001037,UNT-00150,PRJ-001,2025-09-19,Missing Component,Medium,Open,,CTR-004,283
ISS-001038,UNT-05805,PRJ-003,2025-11-01,Missing Component,High,Open,,CTR-007,240
ISS-001039,UNT-00732,PRJ-001,2026-08-27,Documentation,Medium,Closed,2026-09-05,CTR-006,9
ISS-001040,UNT-02362,PRJ-001,2026-02-02,Alignment,Critical,Open,,CTR-005,147
ISS-001041,UNT-04735,PRJ-002,2025-10-04,Missing Component,High,Closed,2025-11-04,CTR-006,31
ISS-001042,UNT-02669,PRJ-002,2025-11-02,Alignment,High,Open,,CTR-008,239
ISS-001043,UNT-04472,PRJ-002,2025-10-13,Damage,Medium,Open,,CTR-004,259
ISS-001044,UNT-02190,PRJ-001,2026-09-19,Damage,High,Closed,2026-10-24,CTR-008,35
ISS-001045,UNT-03322,PRJ-002,2025-08-07,Dimensional,Low,Closed,2025-08-22,CTR-005,15
ISS-001046,UNT-00995,PRJ-001,2026-02-02,Damage,Critical,Open,,CTR-007,147
ISS-001047,UNT-01557,PRJ-001,2025-08-21,Damage,Medium,Closed,2025-09-10,CTR-008,20
ISS-001048,UNT-04764,PRJ-002,2026-01-14,Documentation,Low,Open,,CTR-001,166
ISS-001049,UNT-04198,PRJ-002,2025-11-08,Alignment,Critical,In Review,,CTR-007,233
ISS-001050,UNT-05394,PRJ-003,2027-01-02,Surface Finish,Low,Open,,CTR-001,-187
ISS-001051,UNT-03811,PRJ-002,2026-03-03,Surface Finish,Low,Open,,CTR-003,118
ISS-001052,UNT-00849,PRJ-001,2025-10-17,Surface Finish,Critical,Open,,CTR-008,255
ISS-001053,UNT-03222,PRJ-002,2025-05-15,Missing Component,Medium,Closed,2025-06-08,CTR-003,24
ISS-001054,UNT-02389,PRJ-001,2025-12-09,Surface Finish,High,Closed,2025-12-19,CTR-003,10
ISS-001055,UNT-01886,PRJ-001,2025-11-06,Missing Component,High,Open,,CTR-005,235
ISS-001056,UNT-01402,PRJ-001,2026-03-25,Surface Finish,Low,Closed,2026-04-28,CTR-007,34
ISS-001057,UNT-06002,PRJ-003,2026-09-24,Damage,Medium,Open,,CTR-004,-87
ISS-001058,UNT-00733,PRJ-001,2025-09-12,Dimensional,Medium,Open,,CTR-007,290
ISS-001059,UNT-02249,PRJ-001,2025-12-04,Damage,High,Closed,2025-12-07,CTR-001,3
ISS-001060,UNT-04143,PRJ-002,2025-06-29,Dimensional,Critical,Closed,2025-07-26,CTR-008,27
ISS-001061,UNT-00292,PRJ-001,2025-06-03,Missing Component,Medium,Closed,2025-06-20,CTR-005,17
ISS-001062,UNT-04358,PRJ-002,2025-05-29,Documentation,High,Closed,2025-06-15,CTR-008,17
ISS-001063,UNT-02749,PRJ-002,2026-01-27,Surface Finish,Low,Open,,CTR-008,153
ISS-001064,UNT-03203,PRJ-002,2025-07-29,Dimensional,Low,Closed,2025-08-07,CTR-005,9
ISS-001065,UNT-06359,PRJ-003,2025-09-03,Documentation,Medium,Open,,CTR-007,299
ISS-001066,UNT-03546,PRJ-002,2025-10-14,Alignment,Medium,Closed,2025-10-30,CTR-003,16
ISS-001067,UNT-01359,PRJ-001,2025-05-20,Missing Component,Medium,Open,,CTR-001,405
ISS-001068,UNT-02970,PRJ-002,2026-03-04,Alignment,Medium,Open,,CTR-005,117
ISS-001069,UNT-01020,PRJ-001,2025-06-18,Surface Finish,Low,Closed,2025-06-24,CTR-007,6
ISS-001070,UNT-04750,PRJ-002,2026-09-18,Damage,Medium,Closed,2026-10-11,CTR-007,23
ISS-001071,UNT-02695,PRJ-002,2026-04-30,Alignment,Low,Closed,2026-05-26,CTR-001,26
ISS-001072,UNT-00620,PRJ-001,2025-08-21,Dimensional,Medium,In Review,,CTR-001,312
ISS-001073,UNT-01504,PRJ-001,2025-03-14,Documentation,High,Open,,CTR-001,472
ISS-001074,UNT-03566,PRJ-002,2026-03-25,Damage,Medium,Closed,2026-04-01,CTR-005,7
ISS-001075,UNT-05748,PRJ-003,2026-03-29,Surface Finish,Medium,Closed,2026-05-03,CTR-005,35
ISS-001076,UNT-04014,PRJ-002,2025-04-14,Damage,High,Open,,CTR-004,441
ISS-001077,UNT-05892,PRJ-003,2025-12-10,Alignment,Medium,In Review,,CTR-003,201
ISS-001078,UNT-03179,PRJ-002,2025-06-22,Alignment,Low,Open,,CTR-001,372
ISS-001079,UNT-06169,PRJ-003,2026-05-16,Missing Component,Low,Open,,CTR-008,44
ISS-001080,UNT-02454,PRJ-001,2026-02-21,Documentation,Low,Open,,CTR-002,128
ISS-001081,UNT-03250,PRJ-002,2026-02-21,Documentation,Critical,Open,,CTR-008,128
ISS-001082,UNT-03432,PRJ-002,2025-08-30,Documentation,Low,Open,,CTR-008,303
ISS-001083,UNT-05295,PRJ-003,2026-01-13,Dimensional,Medium,In Review,,CTR-007,167
ISS-001084,UNT-01125,PRJ-001,2025-08-09,Alignment,Low,Closed,2025-09-04,CTR-006,26
ISS-001085,UNT-02816,PRJ-002,2026-08-22,Dimensional,Critical,Closed,2026-09-05,CTR-004,14
ISS-001086,UNT-02614,PRJ-002,2026-08-10,Surface Finish,High,Closed,2026-09-02,CTR-006,23
ISS-001087,UNT-05207,PRJ-003,2025-10-29,Documentation,Medium,Closed,2025-11-18,CTR-007,20
ISS-001088,UNT-02590,PRJ-002,2025-12-29,Documentation,High,Open,,CTR-004,182
ISS-001089,UNT-04745,PRJ-002,2026-04-02,Dimensional,Medium,Closed,2026-04-29,CTR-006,27
ISS-001090,UNT-04054,PRJ-002,2026-02-07,Damage,Medium,Closed,2026-02-09,CTR-001,2
ISS-001091,UNT-04573,PRJ-002,2025-08-31,Dimensional,High,In Review,,CTR-008,302
ISS-001092,UNT-04796,PRJ-002,2026-12-10,Damage,Critical,Closed,2027-01-06,CTR-005,27
ISS-001093,UNT-02244,PRJ-001,2026-02-20,Damage,Low,Closed,2026-03-12,CTR-008,20
ISS-001094,UNT-04028,PRJ-002,2026-06-20,Surface Finish,Low,Open,,CTR-002,9
ISS-001095,UNT-04193,PRJ-002,2025-10-17,Damage,Low,In Review,,CTR-005,255
ISS-001096,UNT-04376,PRJ-002,2025-04-03,Dimensional,High,Open,,CTR-004,452
ISS-001097,UNT-04861,PRJ-002,2025-07-25,Dimensional,Critical,Closed,2025-08-05,CTR-004,11
ISS-001098,UNT-01005,PRJ-001,2026-07-11,Dimensional,Low,Open,,CTR-008,-12
ISS-001099,UNT-01421,PRJ-001,2025-11-08,Missing Component,High,Closed,2025-11-17,CTR-003,9
ISS-001100,UNT-03993,PRJ-002,2026-05-08,Documentation,High,Closed,2026-05-30,CTR-008,22
